# vsim work.alu_testbench -l log_file.log -coverage -c -do "coverage save -onexit -codeAll coverage_file.ucdb; run -all; exit" 
# Start time: 16:28:00 on May 11,2026
# ** Note: (vsim-3813) Design is being optimized due to module recompilation...
# //  Questa Sim
# //  Version 10.6c linux Jul 25 2017
# //
# //  Copyright 1991-2017 Mentor Graphics Corporation
# //  All Rights Reserved.
# //
# //  QuestaSim and its associated documentation contain trade
# //  secrets and commercial or financial information that are the property of
# //  Mentor Graphics Corporation and are privileged, confidential,
# //  and exempt from disclosure under the Freedom of Information Act,
# //  5 U.S.C. Section 552. Furthermore, this information
# //  is prohibited from disclosure under the Trade Secrets Act,
# //  18 U.S.C. Section 1905.
# //
# Loading work.alu_testbench(fast)
# Loading work.alu(fast)
# Loading work.alu_reference_model(fast)
# coverage save -onexit -codeAll coverage_file.ucdb
#  run -all
# 
# === Testing Arithmetic Operations (MODE=1) ===
# [PASS]                                                                              ADD,POPA 00000001,POPB 00000001
# [FAIL]                                                                              ADD,FOPA 11111111,FOPB 00000001
#   DUT: RES=0x0000 COUT=1 OFLOW=0 G=0 E=0 L=0 ERR=0
#   REF: RES=0x0100 COUT=1 OFLOW=0 G=0 E=0 L=0 ERR=0
# [PASS]                                                                              ADD,POPA 00000000,POPB 00000000
# [PASS]                                                                              SUB,POPA 00000001,POPB 00000001
# [FAIL]                                                                              SUB,FOPA 00000000,FOPB 00000001
#   DUT: RES=0x00ff COUT=0 OFLOW=1 G=0 E=0 L=0 ERR=0
#   REF: RES=0xffff COUT=0 OFLOW=1 G=0 E=0 L=0 ERR=0
# [PASS]                                                                              SUB,POPA 01010000,POPB 01010000
# [FAIL]                                                                          ADD_CIN,FOPA 11111111,FOPB 00000000
#   DUT: RES=0x0000 COUT=1 OFLOW=0 G=0 E=0 L=0 ERR=0
#   REF: RES=0x0100 COUT=1 OFLOW=0 G=0 E=0 L=0 ERR=0
# [PASS]                                                                          ADD_CIN,POPA 11111111,POPB 00000000
# [PASS]                                                                          ADD_CIN,POPA 00000001,POPB 00000001
# [PASS]                                                                          SUB_CIN,POPA 00001010,POPB 00000011
# [FAIL]                                                                          SUB_CIN,FOPA 00000000,FOPB 00000000
#   DUT: RES=0x00ff COUT=0 OFLOW=1 G=0 E=0 L=0 ERR=0
#   REF: RES=0xffff COUT=0 OFLOW=0 G=0 E=0 L=0 ERR=0
# [PASS]                                                                          SUB_CIN,POPA 00000001,POPB 00000001
# [FAIL]                                                                          SUB_CIN,FOPA 00000001,FOPB 00000001
#   DUT: RES=0x00ff COUT=0 OFLOW=1 G=0 E=0 L=0 ERR=0
#   REF: RES=0xffff COUT=0 OFLOW=0 G=0 E=0 L=0 ERR=0
# [PASS]                                                                            INC_A,POPA 01010000,POPB 00000000
# [FAIL]                                                                            INC_A,FOPA 11111111,FOPB 00000000
#   DUT: RES=0x0000 COUT=0 OFLOW=0 G=0 E=0 L=0 ERR=0
#   REF: RES=0x0100 COUT=0 OFLOW=0 G=0 E=0 L=0 ERR=0
# [PASS]                                                                            INC_A,POPA 00001010,POPB 00000000
# [PASS]                                                                            DEC_A,POPA 01001001,POPB 00000000
# [FAIL]                                                                            DEC_A,FOPA 00000000,FOPB 00000000
#   DUT: RES=0x00ff COUT=0 OFLOW=0 G=0 E=0 L=0 ERR=0
#   REF: RES=0xffff COUT=0 OFLOW=0 G=0 E=0 L=0 ERR=0
# [PASS]                                                                            DEC_A,POPA 00001010,POPB 00000000
# [FAIL]                                                                            INC_B,FOPA 00000000,FOPB 01010000
#   DUT: RES=0x0000 COUT=0 OFLOW=0 G=0 E=0 L=0 ERR=1
#   REF: RES=0x0051 COUT=0 OFLOW=0 G=0 E=0 L=0 ERR=0
# [FAIL]                                                                            INC_B,FOPA 00000000,FOPB 11111111
#   DUT: RES=0x0000 COUT=0 OFLOW=0 G=0 E=0 L=0 ERR=1
#   REF: RES=0x0100 COUT=0 OFLOW=0 G=0 E=0 L=0 ERR=0
# [FAIL]                                                                            DEC_B,FOPA 00000000,FOPB 01001001
#   DUT: RES=0x0000 COUT=0 OFLOW=0 G=0 E=0 L=0 ERR=1
#   REF: RES=0x0048 COUT=0 OFLOW=0 G=0 E=0 L=0 ERR=0
# [FAIL]                                                                            DEC_B,FOPA 00000000,FOPB 00000000
#   DUT: RES=0x0000 COUT=0 OFLOW=0 G=0 E=0 L=0 ERR=1
#   REF: RES=0xffff COUT=0 OFLOW=0 G=0 E=0 L=0 ERR=0
# [PASS]                                                                              CMP,POPA 11001000,POPB 01100100
# [PASS]                                                                              CMP,POPA 00110010,POPB 11001000
# [PASS]                                                                              CMP,POPA 10000000,POPB 10000000
# [PASS]                                                                           MUL_AB,POPA 11111111,POPB 11111111
# [PASS]                                                                           MUL_AB,POPA 11111110,POPB 11111110
# [PASS]                                                                           MUL_AB,POPA 11111111,POPB 11111111
# [PASS]                                                                           MUL_AB,POPA 11111110,POPB 11111110
# [PASS]                                                                           MUL_AB,POPA 11111111,POPB 11111111
# [PASS]                                                                           MUL_AB,POPA 00000001,POPB 00000101
# [PASS]                                                                           MUL_AB,POPA 00001111,POPB 01011111
# [PASS]                                                                           MUL_AB,POPA 11110000,POPB 11111110
# [PASS]                                                                           MUL_AB,POPA 10101010,POPB 01010101
# [PASS]                                                                           MUL_AB,POPA 01010101,POPB 10101010
# [PASS]                                                                           MUL_AB,POPA 01111111,POPB 01111111
# [PASS]                                                                           MUL_AB,POPA 10000000,POPB 10000000
# [PASS]                                                                           MUL_AB,POPA 11111111,POPB 11111111
# [PASS]                                                                        SHIFT_MUL,POPA 00000001,POPB 00000001
# [PASS]                                                                        SHIFT_MUL,POPA 00000011,POPB 00000001
# [PASS]                                                                        SHIFT_MUL,POPA 00001111,POPB 00000001
# [PASS]                                                                        SHIFT_MUL,POPA 00011111,POPB 00000001
# [PASS]                                                                        SHIFT_MUL,POPA 00111111,POPB 00000001
# [PASS]                                                                        SHIFT_MUL,POPA 01111111,POPB 00000001
# [PASS]                                                                        SHIFT_MUL,POPA 11111111,POPB 00000001
# [PASS]                                                                        SHIFT_MUL,POPA 00000000,POPB 00000001
# [PASS]                                                                        SHIFT_MUL,POPA 11111111,POPB 11111110
# [PASS]                                                                        SHIFT_MUL,POPA 01011111,POPB 01010101
# [PASS]                                                                        SHIFT_MUL,POPA 10101010,POPB 00000001
# [PASS]                                                                            S_ADD,POPA 00010000,POPB 00100000
# [PASS]                                                                            S_ADD,POPA 00100000,POPB 00010000
# [PASS]                                                                            S_ADD,POPA 00100000,POPB 00100000
# [FAIL]                                                                            S_ADD,FOPA 01110000,FOPB 01110000
#   DUT: RES=0x00e0 COUT=0 OFLOW=1 G=0 E=1 L=0 ERR=0
#   REF: RES=0xffe0 COUT=0 OFLOW=1 G=0 E=1 L=0 ERR=0
# [FAIL]                                                                            S_ADD,FOPA 10100000,FOPB 10100000
#   DUT: RES=0x0040 COUT=1 OFLOW=1 G=0 E=1 L=0 ERR=0
#   REF: RES=0x0040 COUT=0 OFLOW=1 G=0 E=1 L=0 ERR=0
# [PASS]                                                                            S_ADD,POPA 00010000,POPB 00010000
# [FAIL]                                                                            S_ADD,FOPA 01110000,FOPB 10010000
#   DUT: RES=0x0000 COUT=0 OFLOW=0 G=1 E=0 L=0 ERR=0
#   REF: RES=0x0000 COUT=0 OFLOW=0 G=0 E=0 L=1 ERR=0
# [FAIL]                                                                            S_ADD,FOPA 10010000,FOPB 00100000
#   DUT: RES=0x00b0 COUT=1 OFLOW=0 G=0 E=0 L=1 ERR=0
#   REF: RES=0xffb0 COUT=0 OFLOW=0 G=1 E=0 L=0 ERR=0
# [FAIL]                                                                            S_ADD,FOPA 10011111,FOPB 00100000
#   DUT: RES=0x00bf COUT=1 OFLOW=0 G=0 E=0 L=1 ERR=0
#   REF: RES=0xffbf COUT=0 OFLOW=0 G=1 E=0 L=0 ERR=0
# [FAIL]                                                                            S_ADD,FOPA 11110000,FOPB 00100000
#   DUT: RES=0x0010 COUT=0 OFLOW=0 G=0 E=0 L=1 ERR=0
#   REF: RES=0x0010 COUT=0 OFLOW=0 G=1 E=0 L=0 ERR=0
# [PASS]                                                                            S_SUB,POPA 01010000,POPB 00110000
# [FAIL]                                                                            S_SUB,FOPA 00110000,FOPB 01010000
#   DUT: RES=0x00e0 COUT=1 OFLOW=0 G=0 E=0 L=1 ERR=0
#   REF: RES=0xffe0 COUT=0 OFLOW=0 G=0 E=0 L=1 ERR=0
# [PASS]                                                                            S_SUB,POPA 01000000,POPB 01000000
# [FAIL]                                                                            S_SUB,FOPA 01110000,FOPB 10010000
#   DUT: RES=0x00e0 COUT=0 OFLOW=1 G=1 E=0 L=0 ERR=0
#   REF: RES=0xffe0 COUT=0 OFLOW=1 G=0 E=0 L=1 ERR=0
# [FAIL]                                                                            S_SUB,FOPA 10100000,FOPB 01110000
#   DUT: RES=0x0030 COUT=1 OFLOW=1 G=0 E=0 L=1 ERR=0
#   REF: RES=0x0030 COUT=0 OFLOW=1 G=1 E=0 L=0 ERR=0
# [FAIL]                                                                            S_SUB,FOPA 10010000,FOPB 01110000
#   DUT: RES=0x0020 COUT=1 OFLOW=1 G=0 E=0 L=1 ERR=0
#   REF: RES=0x0020 COUT=0 OFLOW=1 G=1 E=0 L=0 ERR=0
# [PASS]                                                                            S_SUB,POPA 01010000,POPB 00010000
# [FAIL]                                                                            S_SUB,FOPA 00000010,FOPB 11111111
#   DUT: RES=0x0003 COUT=0 OFLOW=0 G=1 E=0 L=0 ERR=0
#   REF: RES=0x0003 COUT=0 OFLOW=0 G=0 E=0 L=1 ERR=0
# [FAIL]                                                                            S_SUB,FOPA 00010000,FOPB 11110000
#   DUT: RES=0x0020 COUT=0 OFLOW=0 G=1 E=0 L=0 ERR=0
#   REF: RES=0x0020 COUT=0 OFLOW=0 G=0 E=0 L=1 ERR=0
# 
# === Testing Arithmetic Operations (INVALID=b01) ===
# [FAIL]                                                                              ADD,FOPA 00000001,FOPB 00000001
#   DUT: RES=0x0000 COUT=0 OFLOW=0 G=0 E=0 L=0 ERR=0
#   REF: RES=0x0000 COUT=0 OFLOW=0 G=0 E=0 L=0 ERR=1
# [FAIL]                                                                              ADD,FOPA 11111111,FOPB 00000001
#   DUT: RES=0x0000 COUT=0 OFLOW=0 G=0 E=0 L=0 ERR=0
#   REF: RES=0x0000 COUT=0 OFLOW=0 G=0 E=0 L=0 ERR=1
# [FAIL]                                                                              ADD,FOPA 00000000,FOPB 00000000
#   DUT: RES=0x0000 COUT=0 OFLOW=0 G=0 E=0 L=0 ERR=0
#   REF: RES=0x0000 COUT=0 OFLOW=0 G=0 E=0 L=0 ERR=1
# [FAIL]                                                                              SUB,FOPA 00000001,FOPB 00000001
#   DUT: RES=0x0000 COUT=0 OFLOW=0 G=0 E=0 L=0 ERR=0
#   REF: RES=0x0000 COUT=0 OFLOW=0 G=0 E=0 L=0 ERR=1
# [FAIL]                                                                              SUB,FOPA 00000000,FOPB 00000001
#   DUT: RES=0x0000 COUT=0 OFLOW=0 G=0 E=0 L=0 ERR=0
#   REF: RES=0x0000 COUT=0 OFLOW=0 G=0 E=0 L=0 ERR=1
# [FAIL]                                                                              SUB,FOPA 01010000,FOPB 01010000
#   DUT: RES=0x0000 COUT=0 OFLOW=0 G=0 E=0 L=0 ERR=0
#   REF: RES=0x0000 COUT=0 OFLOW=0 G=0 E=0 L=0 ERR=1
# [FAIL]                                                                          ADD_CIN,FOPA 11111111,FOPB 00000000
#   DUT: RES=0x0000 COUT=0 OFLOW=0 G=0 E=0 L=0 ERR=0
#   REF: RES=0x0000 COUT=0 OFLOW=0 G=0 E=0 L=0 ERR=1
# [FAIL]                                                                          ADD_CIN,FOPA 11111111,FOPB 00000000
#   DUT: RES=0x0000 COUT=0 OFLOW=0 G=0 E=0 L=0 ERR=0
#   REF: RES=0x0000 COUT=0 OFLOW=0 G=0 E=0 L=0 ERR=1
# [FAIL]                                                                          ADD_CIN,FOPA 00000001,FOPB 00000001
#   DUT: RES=0x0000 COUT=0 OFLOW=0 G=0 E=0 L=0 ERR=0
#   REF: RES=0x0000 COUT=0 OFLOW=0 G=0 E=0 L=0 ERR=1
# [FAIL]                                                                          SUB_CIN,FOPA 00001010,FOPB 00000011
#   DUT: RES=0x0000 COUT=0 OFLOW=0 G=0 E=0 L=0 ERR=0
#   REF: RES=0x0000 COUT=0 OFLOW=0 G=0 E=0 L=0 ERR=1
# [FAIL]                                                                          SUB_CIN,FOPA 00000000,FOPB 00000000
#   DUT: RES=0x0000 COUT=0 OFLOW=0 G=0 E=0 L=0 ERR=0
#   REF: RES=0x0000 COUT=0 OFLOW=0 G=0 E=0 L=0 ERR=1
# [FAIL]                                                                          SUB_CIN,FOPA 00000001,FOPB 00000001
#   DUT: RES=0x0000 COUT=0 OFLOW=0 G=0 E=0 L=0 ERR=0
#   REF: RES=0x0000 COUT=0 OFLOW=0 G=0 E=0 L=0 ERR=1
# [FAIL]                                                                          SUB_CIN,FOPA 00000001,FOPB 00000001
#   DUT: RES=0x0000 COUT=0 OFLOW=0 G=0 E=0 L=0 ERR=0
#   REF: RES=0x0000 COUT=0 OFLOW=0 G=0 E=0 L=0 ERR=1
# [PASS]                                                                            INC_A,POPA 01010000,POPB 00000000
# [FAIL]                                                                            INC_A,FOPA 11111111,FOPB 00000000
#   DUT: RES=0x0000 COUT=0 OFLOW=0 G=0 E=0 L=0 ERR=0
#   REF: RES=0x0100 COUT=0 OFLOW=0 G=0 E=0 L=0 ERR=0
# [PASS]                                                                            INC_A,POPA 00001010,POPB 00000000
# [PASS]                                                                            DEC_A,POPA 01001001,POPB 00000000
# [FAIL]                                                                            DEC_A,FOPA 00000000,FOPB 00000000
#   DUT: RES=0x00ff COUT=0 OFLOW=0 G=0 E=0 L=0 ERR=0
#   REF: RES=0xffff COUT=0 OFLOW=0 G=0 E=0 L=0 ERR=0
# [PASS]                                                                            DEC_A,POPA 00001010,POPB 00000000
# [PASS]                                                                            INC_B,POPA 00000000,POPB 01010000
# [PASS]                                                                            INC_B,POPA 00000000,POPB 11111111
# [PASS]                                                                            DEC_B,POPA 00000000,POPB 01001001
# [PASS]                                                                            DEC_B,POPA 00000000,POPB 00000000
# [FAIL]                                                                              CMP,FOPA 11001000,FOPB 01100100
#   DUT: RES=0x0000 COUT=0 OFLOW=0 G=1 E=0 L=0 ERR=0
#   REF: RES=0x0000 COUT=0 OFLOW=0 G=0 E=0 L=0 ERR=1
# [FAIL]                                                                              CMP,FOPA 00110010,FOPB 11001000
#   DUT: RES=0x0000 COUT=0 OFLOW=0 G=1 E=0 L=0 ERR=0
#   REF: RES=0x0000 COUT=0 OFLOW=0 G=0 E=0 L=0 ERR=1
# [FAIL]                                                                              CMP,FOPA 10000000,FOPB 10000000
#   DUT: RES=0x0000 COUT=0 OFLOW=0 G=1 E=0 L=0 ERR=0
#   REF: RES=0x0000 COUT=0 OFLOW=0 G=0 E=0 L=0 ERR=1
# [FAIL]                                                                           MUL_AB,FOPA 11111111,FOPB 11111111
#   DUT: RES=0x0100 COUT=0 OFLOW=0 G=0 E=0 L=0 ERR=0
#   REF: RES=0x0000 COUT=0 OFLOW=0 G=0 E=0 L=0 ERR=1
# [FAIL]                                                                           MUL_AB,FOPA 11111110,FOPB 11111110
#   DUT: RES=0x00ff COUT=0 OFLOW=0 G=0 E=0 L=0 ERR=0
#   REF: RES=0x0000 COUT=0 OFLOW=0 G=0 E=0 L=0 ERR=1
# [FAIL]                                                                           MUL_AB,FOPA 11111111,FOPB 11111111
#   DUT: RES=0x0100 COUT=0 OFLOW=0 G=0 E=0 L=0 ERR=0
#   REF: RES=0x0000 COUT=0 OFLOW=0 G=0 E=0 L=0 ERR=1
# [FAIL]                                                                           MUL_AB,FOPA 11111110,FOPB 11111110
#   DUT: RES=0x00ff COUT=0 OFLOW=0 G=0 E=0 L=0 ERR=0
#   REF: RES=0x0000 COUT=0 OFLOW=0 G=0 E=0 L=0 ERR=1
# [FAIL]                                                                           MUL_AB,FOPA 11111111,FOPB 11111111
#   DUT: RES=0x0100 COUT=0 OFLOW=0 G=0 E=0 L=0 ERR=0
#   REF: RES=0x0000 COUT=0 OFLOW=0 G=0 E=0 L=0 ERR=1
# [FAIL]                                                                           MUL_AB,FOPA 00000001,FOPB 00000101
#   DUT: RES=0x0002 COUT=0 OFLOW=0 G=0 E=0 L=0 ERR=0
#   REF: RES=0x0000 COUT=0 OFLOW=0 G=0 E=0 L=0 ERR=1
# [FAIL]                                                                           MUL_AB,FOPA 00001111,FOPB 01011111
#   DUT: RES=0x0010 COUT=0 OFLOW=0 G=0 E=0 L=0 ERR=0
#   REF: RES=0x0000 COUT=0 OFLOW=0 G=0 E=0 L=0 ERR=1
# [FAIL]                                                                           MUL_AB,FOPA 11110000,FOPB 11111110
#   DUT: RES=0x00f1 COUT=0 OFLOW=0 G=0 E=0 L=0 ERR=0
#   REF: RES=0x0000 COUT=0 OFLOW=0 G=0 E=0 L=0 ERR=1
# [FAIL]                                                                           MUL_AB,FOPA 10101010,FOPB 01010101
#   DUT: RES=0x00ab COUT=0 OFLOW=0 G=0 E=0 L=0 ERR=0
#   REF: RES=0x0000 COUT=0 OFLOW=0 G=0 E=0 L=0 ERR=1
# [FAIL]                                                                           MUL_AB,FOPA 01010101,FOPB 10101010
#   DUT: RES=0x0056 COUT=0 OFLOW=0 G=0 E=0 L=0 ERR=0
#   REF: RES=0x0000 COUT=0 OFLOW=0 G=0 E=0 L=0 ERR=1
# [FAIL]                                                                           MUL_AB,FOPA 01111111,FOPB 01111111
#   DUT: RES=0x0080 COUT=0 OFLOW=0 G=0 E=0 L=0 ERR=0
#   REF: RES=0x0000 COUT=0 OFLOW=0 G=0 E=0 L=0 ERR=1
# [FAIL]                                                                           MUL_AB,FOPA 10000000,FOPB 10000000
#   DUT: RES=0x0081 COUT=0 OFLOW=0 G=0 E=0 L=0 ERR=0
#   REF: RES=0x0000 COUT=0 OFLOW=0 G=0 E=0 L=0 ERR=1
# [FAIL]                                                                           MUL_AB,FOPA 11111111,FOPB 11111111
#   DUT: RES=0x0100 COUT=0 OFLOW=0 G=0 E=0 L=0 ERR=0
#   REF: RES=0x0000 COUT=0 OFLOW=0 G=0 E=0 L=0 ERR=1
# [FAIL]                                                                        SHIFT_MUL,FOPA 00000001,FOPB 00000001
#   DUT: RES=0x0000 COUT=0 OFLOW=0 G=0 E=0 L=0 ERR=0
#   REF: RES=0x0000 COUT=0 OFLOW=0 G=0 E=0 L=0 ERR=1
# [FAIL]                                                                        SHIFT_MUL,FOPA 00000011,FOPB 00000001
#   DUT: RES=0x0000 COUT=0 OFLOW=0 G=0 E=0 L=0 ERR=0
#   REF: RES=0x0000 COUT=0 OFLOW=0 G=0 E=0 L=0 ERR=1
# [FAIL]                                                                        SHIFT_MUL,FOPA 00001111,FOPB 00000001
#   DUT: RES=0x0000 COUT=0 OFLOW=0 G=0 E=0 L=0 ERR=0
#   REF: RES=0x0000 COUT=0 OFLOW=0 G=0 E=0 L=0 ERR=1
# [FAIL]                                                                        SHIFT_MUL,FOPA 00011111,FOPB 00000001
#   DUT: RES=0x0000 COUT=0 OFLOW=0 G=0 E=0 L=0 ERR=0
#   REF: RES=0x0000 COUT=0 OFLOW=0 G=0 E=0 L=0 ERR=1
# [FAIL]                                                                        SHIFT_MUL,FOPA 00111111,FOPB 00000001
#   DUT: RES=0x0000 COUT=0 OFLOW=0 G=0 E=0 L=0 ERR=0
#   REF: RES=0x0000 COUT=0 OFLOW=0 G=0 E=0 L=0 ERR=1
# [FAIL]                                                                        SHIFT_MUL,FOPA 01111111,FOPB 00000001
#   DUT: RES=0x0000 COUT=0 OFLOW=0 G=0 E=0 L=0 ERR=0
#   REF: RES=0x0000 COUT=0 OFLOW=0 G=0 E=0 L=0 ERR=1
# [FAIL]                                                                        SHIFT_MUL,FOPA 11111111,FOPB 00000001
#   DUT: RES=0x0000 COUT=0 OFLOW=0 G=0 E=0 L=0 ERR=0
#   REF: RES=0x0000 COUT=0 OFLOW=0 G=0 E=0 L=0 ERR=1
# [FAIL]                                                                        SHIFT_MUL,FOPA 00000000,FOPB 00000001
#   DUT: RES=0x0000 COUT=0 OFLOW=0 G=0 E=0 L=0 ERR=0
#   REF: RES=0x0000 COUT=0 OFLOW=0 G=0 E=0 L=0 ERR=1
# [FAIL]                                                                        SHIFT_MUL,FOPA 11111111,FOPB 11111110
#   DUT: RES=0x0000 COUT=0 OFLOW=0 G=0 E=0 L=0 ERR=0
#   REF: RES=0x0000 COUT=0 OFLOW=0 G=0 E=0 L=0 ERR=1
# [FAIL]                                                                        SHIFT_MUL,FOPA 01011111,FOPB 01010101
#   DUT: RES=0x0000 COUT=0 OFLOW=0 G=0 E=0 L=0 ERR=0
#   REF: RES=0x0000 COUT=0 OFLOW=0 G=0 E=0 L=0 ERR=1
# [FAIL]                                                                        SHIFT_MUL,FOPA 10101010,FOPB 00000001
#   DUT: RES=0x0000 COUT=0 OFLOW=0 G=0 E=0 L=0 ERR=0
#   REF: RES=0x0000 COUT=0 OFLOW=0 G=0 E=0 L=0 ERR=1
# [FAIL]                                                                            S_ADD,FOPA 00010000,FOPB 00100000
#   DUT: RES=0x0000 COUT=0 OFLOW=0 G=0 E=0 L=0 ERR=0
#   REF: RES=0x0000 COUT=0 OFLOW=0 G=0 E=0 L=0 ERR=1
# [FAIL]                                                                            S_ADD,FOPA 00100000,FOPB 00010000
#   DUT: RES=0x0000 COUT=0 OFLOW=0 G=0 E=0 L=0 ERR=0
#   REF: RES=0x0000 COUT=0 OFLOW=0 G=0 E=0 L=0 ERR=1
# [FAIL]                                                                            S_ADD,FOPA 00100000,FOPB 00100000
#   DUT: RES=0x0000 COUT=0 OFLOW=0 G=0 E=0 L=0 ERR=0
#   REF: RES=0x0000 COUT=0 OFLOW=0 G=0 E=0 L=0 ERR=1
# [FAIL]                                                                            S_ADD,FOPA 01110000,FOPB 01110000
#   DUT: RES=0x0000 COUT=0 OFLOW=0 G=0 E=0 L=0 ERR=0
#   REF: RES=0x0000 COUT=0 OFLOW=0 G=0 E=0 L=0 ERR=1
# [FAIL]                                                                            S_ADD,FOPA 10100000,FOPB 10100000
#   DUT: RES=0x0000 COUT=0 OFLOW=0 G=0 E=0 L=0 ERR=0
#   REF: RES=0x0000 COUT=0 OFLOW=0 G=0 E=0 L=0 ERR=1
# [FAIL]                                                                            S_ADD,FOPA 00010000,FOPB 00010000
#   DUT: RES=0x0000 COUT=0 OFLOW=0 G=0 E=0 L=0 ERR=0
#   REF: RES=0x0000 COUT=0 OFLOW=0 G=0 E=0 L=0 ERR=1
# [FAIL]                                                                            S_ADD,FOPA 01110000,FOPB 10010000
#   DUT: RES=0x0000 COUT=0 OFLOW=0 G=0 E=0 L=0 ERR=0
#   REF: RES=0x0000 COUT=0 OFLOW=0 G=0 E=0 L=0 ERR=1
# [FAIL]                                                                            S_ADD,FOPA 10010000,FOPB 00100000
#   DUT: RES=0x0000 COUT=0 OFLOW=0 G=0 E=0 L=0 ERR=0
#   REF: RES=0x0000 COUT=0 OFLOW=0 G=0 E=0 L=0 ERR=1
# [FAIL]                                                                            S_ADD,FOPA 10011111,FOPB 00100000
#   DUT: RES=0x0000 COUT=0 OFLOW=0 G=0 E=0 L=0 ERR=0
#   REF: RES=0x0000 COUT=0 OFLOW=0 G=0 E=0 L=0 ERR=1
# [FAIL]                                                                            S_ADD,FOPA 11110000,FOPB 00100000
#   DUT: RES=0x0000 COUT=0 OFLOW=0 G=0 E=0 L=0 ERR=0
#   REF: RES=0x0000 COUT=0 OFLOW=0 G=0 E=0 L=0 ERR=1
# [FAIL]                                                                            S_SUB,FOPA 01010000,FOPB 00110000
#   DUT: RES=0x0000 COUT=0 OFLOW=0 G=0 E=0 L=0 ERR=0
#   REF: RES=0x0000 COUT=0 OFLOW=0 G=0 E=0 L=0 ERR=1
# [FAIL]                                                                            S_SUB,FOPA 00110000,FOPB 01010000
#   DUT: RES=0x0000 COUT=0 OFLOW=0 G=0 E=0 L=0 ERR=0
#   REF: RES=0x0000 COUT=0 OFLOW=0 G=0 E=0 L=0 ERR=1
# [FAIL]                                                                            S_SUB,FOPA 01000000,FOPB 01000000
#   DUT: RES=0x0000 COUT=0 OFLOW=0 G=0 E=0 L=0 ERR=0
#   REF: RES=0x0000 COUT=0 OFLOW=0 G=0 E=0 L=0 ERR=1
# [FAIL]                                                                            S_SUB,FOPA 01110000,FOPB 10010000
#   DUT: RES=0x0000 COUT=0 OFLOW=0 G=0 E=0 L=0 ERR=0
#   REF: RES=0x0000 COUT=0 OFLOW=0 G=0 E=0 L=0 ERR=1
# [FAIL]                                                                            S_SUB,FOPA 10100000,FOPB 01110000
#   DUT: RES=0x0000 COUT=0 OFLOW=0 G=0 E=0 L=0 ERR=0
#   REF: RES=0x0000 COUT=0 OFLOW=0 G=0 E=0 L=0 ERR=1
# [FAIL]                                                                            S_SUB,FOPA 10010000,FOPB 01110000
#   DUT: RES=0x0000 COUT=0 OFLOW=0 G=0 E=0 L=0 ERR=0
#   REF: RES=0x0000 COUT=0 OFLOW=0 G=0 E=0 L=0 ERR=1
# [FAIL]                                                                            S_SUB,FOPA 01010000,FOPB 00010000
#   DUT: RES=0x0000 COUT=0 OFLOW=0 G=0 E=0 L=0 ERR=0
#   REF: RES=0x0000 COUT=0 OFLOW=0 G=0 E=0 L=0 ERR=1
# [FAIL]                                                                            S_SUB,FOPA 00000010,FOPB 11111111
#   DUT: RES=0x0000 COUT=0 OFLOW=0 G=0 E=0 L=0 ERR=0
#   REF: RES=0x0000 COUT=0 OFLOW=0 G=0 E=0 L=0 ERR=1
# [FAIL]                                                                            S_SUB,FOPA 00010000,FOPB 11110000
#   DUT: RES=0x0000 COUT=0 OFLOW=0 G=0 E=0 L=0 ERR=0
#   REF: RES=0x0000 COUT=0 OFLOW=0 G=0 E=0 L=0 ERR=1
# 
# === Testing Arithmetic Operations (INVALID=b10) ===
# [FAIL]                                                                              ADD,FOPA 00000001,FOPB 00000001
#   DUT: RES=0x0000 COUT=0 OFLOW=0 G=0 E=0 L=0 ERR=0
#   REF: RES=0x0000 COUT=0 OFLOW=0 G=0 E=0 L=0 ERR=1
# [FAIL]                                                                              ADD,FOPA 11111111,FOPB 00000001
#   DUT: RES=0x0000 COUT=0 OFLOW=0 G=0 E=0 L=0 ERR=0
#   REF: RES=0x0000 COUT=0 OFLOW=0 G=0 E=0 L=0 ERR=1
# [FAIL]                                                                              ADD,FOPA 00000000,FOPB 00000000
#   DUT: RES=0x0000 COUT=0 OFLOW=0 G=0 E=0 L=0 ERR=0
#   REF: RES=0x0000 COUT=0 OFLOW=0 G=0 E=0 L=0 ERR=1
# [FAIL]                                                                              SUB,FOPA 00000001,FOPB 00000001
#   DUT: RES=0x0000 COUT=0 OFLOW=0 G=0 E=0 L=0 ERR=0
#   REF: RES=0x0000 COUT=0 OFLOW=0 G=0 E=0 L=0 ERR=1
# [FAIL]                                                                              SUB,FOPA 00000000,FOPB 00000001
#   DUT: RES=0x0000 COUT=0 OFLOW=0 G=0 E=0 L=0 ERR=0
#   REF: RES=0x0000 COUT=0 OFLOW=0 G=0 E=0 L=0 ERR=1
# [FAIL]                                                                              SUB,FOPA 01010000,FOPB 01010000
#   DUT: RES=0x0000 COUT=0 OFLOW=0 G=0 E=0 L=0 ERR=0
#   REF: RES=0x0000 COUT=0 OFLOW=0 G=0 E=0 L=0 ERR=1
# [FAIL]                                                                          ADD_CIN,FOPA 11111111,FOPB 00000000
#   DUT: RES=0x0000 COUT=0 OFLOW=0 G=0 E=0 L=0 ERR=0
#   REF: RES=0x0000 COUT=0 OFLOW=0 G=0 E=0 L=0 ERR=1
# [FAIL]                                                                          ADD_CIN,FOPA 11111111,FOPB 00000000
#   DUT: RES=0x0000 COUT=0 OFLOW=0 G=0 E=0 L=0 ERR=0
#   REF: RES=0x0000 COUT=0 OFLOW=0 G=0 E=0 L=0 ERR=1
# [FAIL]                                                                          ADD_CIN,FOPA 00000001,FOPB 00000001
#   DUT: RES=0x0000 COUT=0 OFLOW=0 G=0 E=0 L=0 ERR=0
#   REF: RES=0x0000 COUT=0 OFLOW=0 G=0 E=0 L=0 ERR=1
# [FAIL]                                                                          SUB_CIN,FOPA 00001010,FOPB 00000011
#   DUT: RES=0x0000 COUT=0 OFLOW=0 G=0 E=0 L=0 ERR=0
#   REF: RES=0x0000 COUT=0 OFLOW=0 G=0 E=0 L=0 ERR=1
# [FAIL]                                                                          SUB_CIN,FOPA 00000000,FOPB 00000000
#   DUT: RES=0x0000 COUT=0 OFLOW=0 G=0 E=0 L=0 ERR=0
#   REF: RES=0x0000 COUT=0 OFLOW=0 G=0 E=0 L=0 ERR=1
# [FAIL]                                                                          SUB_CIN,FOPA 00000001,FOPB 00000001
#   DUT: RES=0x0000 COUT=0 OFLOW=0 G=0 E=0 L=0 ERR=0
#   REF: RES=0x0000 COUT=0 OFLOW=0 G=0 E=0 L=0 ERR=1
# [FAIL]                                                                          SUB_CIN,FOPA 00000001,FOPB 00000001
#   DUT: RES=0x0000 COUT=0 OFLOW=0 G=0 E=0 L=0 ERR=0
#   REF: RES=0x0000 COUT=0 OFLOW=0 G=0 E=0 L=0 ERR=1
# [FAIL]                                                                            INC_A,FOPA 01010000,FOPB 00000000
#   DUT: RES=0x0000 COUT=0 OFLOW=0 G=0 E=0 L=0 ERR=0
#   REF: RES=0x0000 COUT=0 OFLOW=0 G=0 E=0 L=0 ERR=1
# [FAIL]                                                                            INC_A,FOPA 11111111,FOPB 00000000
#   DUT: RES=0x0000 COUT=0 OFLOW=0 G=0 E=0 L=0 ERR=0
#   REF: RES=0x0000 COUT=0 OFLOW=0 G=0 E=0 L=0 ERR=1
# [FAIL]                                                                            INC_A,FOPA 00001010,FOPB 00000000
#   DUT: RES=0x0000 COUT=0 OFLOW=0 G=0 E=0 L=0 ERR=0
#   REF: RES=0x0000 COUT=0 OFLOW=0 G=0 E=0 L=0 ERR=1
# [PASS]                                                                            DEC_A,POPA 01001001,POPB 00000000
# [PASS]                                                                            DEC_A,POPA 00000000,POPB 00000000
# [PASS]                                                                            DEC_A,POPA 00001010,POPB 00000000
# [PASS]                                                                            INC_B,POPA 00000000,POPB 01010000
# [FAIL]                                                                            INC_B,FOPA 00000000,FOPB 11111111
#   DUT: RES=0x0000 COUT=0 OFLOW=0 G=0 E=0 L=0 ERR=0
#   REF: RES=0x0100 COUT=0 OFLOW=0 G=0 E=0 L=0 ERR=0
# [PASS]                                                                            DEC_B,POPA 00000000,POPB 01001001
# [FAIL]                                                                            DEC_B,FOPA 00000000,FOPB 00000000
#   DUT: RES=0x00ff COUT=0 OFLOW=0 G=0 E=0 L=0 ERR=0
#   REF: RES=0xffff COUT=0 OFLOW=0 G=0 E=0 L=0 ERR=0
# [FAIL]                                                                              CMP,FOPA 11001000,FOPB 01100100
#   DUT: RES=0x0000 COUT=0 OFLOW=0 G=0 E=0 L=1 ERR=0
#   REF: RES=0x0000 COUT=0 OFLOW=0 G=0 E=0 L=0 ERR=1
# [FAIL]                                                                              CMP,FOPA 00110010,FOPB 11001000
#   DUT: RES=0x0000 COUT=0 OFLOW=0 G=0 E=0 L=1 ERR=0
#   REF: RES=0x0000 COUT=0 OFLOW=0 G=0 E=0 L=0 ERR=1
# [FAIL]                                                                              CMP,FOPA 10000000,FOPB 10000000
#   DUT: RES=0x0000 COUT=0 OFLOW=0 G=0 E=0 L=1 ERR=0
#   REF: RES=0x0000 COUT=0 OFLOW=0 G=0 E=0 L=0 ERR=1
# [FAIL]                                                                           MUL_AB,FOPA 11111111,FOPB 11111111
#   DUT: RES=0x0100 COUT=0 OFLOW=0 G=0 E=0 L=0 ERR=0
#   REF: RES=0x0000 COUT=0 OFLOW=0 G=0 E=0 L=0 ERR=1
# [FAIL]                                                                           MUL_AB,FOPA 11111110,FOPB 11111110
#   DUT: RES=0x00ff COUT=0 OFLOW=0 G=0 E=0 L=0 ERR=0
#   REF: RES=0x0000 COUT=0 OFLOW=0 G=0 E=0 L=0 ERR=1
# [FAIL]                                                                           MUL_AB,FOPA 11111111,FOPB 11111111
#   DUT: RES=0x0100 COUT=0 OFLOW=0 G=0 E=0 L=0 ERR=0
#   REF: RES=0x0000 COUT=0 OFLOW=0 G=0 E=0 L=0 ERR=1
# [FAIL]                                                                           MUL_AB,FOPA 11111110,FOPB 11111110
#   DUT: RES=0x00ff COUT=0 OFLOW=0 G=0 E=0 L=0 ERR=0
#   REF: RES=0x0000 COUT=0 OFLOW=0 G=0 E=0 L=0 ERR=1
# [FAIL]                                                                           MUL_AB,FOPA 11111111,FOPB 11111111
#   DUT: RES=0x0100 COUT=0 OFLOW=0 G=0 E=0 L=0 ERR=0
#   REF: RES=0x0000 COUT=0 OFLOW=0 G=0 E=0 L=0 ERR=1
# [FAIL]                                                                           MUL_AB,FOPA 00000001,FOPB 00000101
#   DUT: RES=0x0006 COUT=0 OFLOW=0 G=0 E=0 L=0 ERR=0
#   REF: RES=0x0000 COUT=0 OFLOW=0 G=0 E=0 L=0 ERR=1
# [FAIL]                                                                           MUL_AB,FOPA 00001111,FOPB 01011111
#   DUT: RES=0x0060 COUT=0 OFLOW=0 G=0 E=0 L=0 ERR=0
#   REF: RES=0x0000 COUT=0 OFLOW=0 G=0 E=0 L=0 ERR=1
# [FAIL]                                                                           MUL_AB,FOPA 11110000,FOPB 11111110
#   DUT: RES=0x00ff COUT=0 OFLOW=0 G=0 E=0 L=0 ERR=0
#   REF: RES=0x0000 COUT=0 OFLOW=0 G=0 E=0 L=0 ERR=1
# [FAIL]                                                                           MUL_AB,FOPA 10101010,FOPB 01010101
#   DUT: RES=0x0056 COUT=0 OFLOW=0 G=0 E=0 L=0 ERR=0
#   REF: RES=0x0000 COUT=0 OFLOW=0 G=0 E=0 L=0 ERR=1
# [FAIL]                                                                           MUL_AB,FOPA 01010101,FOPB 10101010
#   DUT: RES=0x00ab COUT=0 OFLOW=0 G=0 E=0 L=0 ERR=0
#   REF: RES=0x0000 COUT=0 OFLOW=0 G=0 E=0 L=0 ERR=1
# [FAIL]                                                                           MUL_AB,FOPA 01111111,FOPB 01111111
#   DUT: RES=0x0080 COUT=0 OFLOW=0 G=0 E=0 L=0 ERR=0
#   REF: RES=0x0000 COUT=0 OFLOW=0 G=0 E=0 L=0 ERR=1
# [FAIL]                                                                           MUL_AB,FOPA 10000000,FOPB 10000000
#   DUT: RES=0x0081 COUT=0 OFLOW=0 G=0 E=0 L=0 ERR=0
#   REF: RES=0x0000 COUT=0 OFLOW=0 G=0 E=0 L=0 ERR=1
# [FAIL]                                                                           MUL_AB,FOPA 11111111,FOPB 11111111
#   DUT: RES=0x0100 COUT=0 OFLOW=0 G=0 E=0 L=0 ERR=0
#   REF: RES=0x0000 COUT=0 OFLOW=0 G=0 E=0 L=0 ERR=1
# [FAIL]                                                                        SHIFT_MUL,FOPA 00000001,FOPB 00000001
#   DUT: RES=0x0000 COUT=0 OFLOW=0 G=0 E=0 L=0 ERR=0
#   REF: RES=0x0000 COUT=0 OFLOW=0 G=0 E=0 L=0 ERR=1
# [FAIL]                                                                        SHIFT_MUL,FOPA 00000011,FOPB 00000001
#   DUT: RES=0x0000 COUT=0 OFLOW=0 G=0 E=0 L=0 ERR=0
#   REF: RES=0x0000 COUT=0 OFLOW=0 G=0 E=0 L=0 ERR=1
# [FAIL]                                                                        SHIFT_MUL,FOPA 00001111,FOPB 00000001
#   DUT: RES=0x0000 COUT=0 OFLOW=0 G=0 E=0 L=0 ERR=0
#   REF: RES=0x0000 COUT=0 OFLOW=0 G=0 E=0 L=0 ERR=1
# [FAIL]                                                                        SHIFT_MUL,FOPA 00011111,FOPB 00000001
#   DUT: RES=0x0000 COUT=0 OFLOW=0 G=0 E=0 L=0 ERR=0
#   REF: RES=0x0000 COUT=0 OFLOW=0 G=0 E=0 L=0 ERR=1
# [FAIL]                                                                        SHIFT_MUL,FOPA 00111111,FOPB 00000001
#   DUT: RES=0x0000 COUT=0 OFLOW=0 G=0 E=0 L=0 ERR=0
#   REF: RES=0x0000 COUT=0 OFLOW=0 G=0 E=0 L=0 ERR=1
# [FAIL]                                                                        SHIFT_MUL,FOPA 01111111,FOPB 00000001
#   DUT: RES=0x0000 COUT=0 OFLOW=0 G=0 E=0 L=0 ERR=0
#   REF: RES=0x0000 COUT=0 OFLOW=0 G=0 E=0 L=0 ERR=1
# [FAIL]                                                                        SHIFT_MUL,FOPA 11111111,FOPB 00000001
#   DUT: RES=0x0000 COUT=0 OFLOW=0 G=0 E=0 L=0 ERR=0
#   REF: RES=0x0000 COUT=0 OFLOW=0 G=0 E=0 L=0 ERR=1
# [FAIL]                                                                        SHIFT_MUL,FOPA 00000000,FOPB 00000001
#   DUT: RES=0x0000 COUT=0 OFLOW=0 G=0 E=0 L=0 ERR=0
#   REF: RES=0x0000 COUT=0 OFLOW=0 G=0 E=0 L=0 ERR=1
# [FAIL]                                                                        SHIFT_MUL,FOPA 11111111,FOPB 11111110
#   DUT: RES=0x0000 COUT=0 OFLOW=0 G=0 E=0 L=0 ERR=0
#   REF: RES=0x0000 COUT=0 OFLOW=0 G=0 E=0 L=0 ERR=1
# [FAIL]                                                                        SHIFT_MUL,FOPA 01011111,FOPB 01010101
#   DUT: RES=0x0000 COUT=0 OFLOW=0 G=0 E=0 L=0 ERR=0
#   REF: RES=0x0000 COUT=0 OFLOW=0 G=0 E=0 L=0 ERR=1
# [FAIL]                                                                        SHIFT_MUL,FOPA 10101010,FOPB 00000001
#   DUT: RES=0x0000 COUT=0 OFLOW=0 G=0 E=0 L=0 ERR=0
#   REF: RES=0x0000 COUT=0 OFLOW=0 G=0 E=0 L=0 ERR=1
# [FAIL]                                                                            S_ADD,FOPA 00010000,FOPB 00100000
#   DUT: RES=0x0000 COUT=0 OFLOW=0 G=0 E=0 L=0 ERR=0
#   REF: RES=0x0000 COUT=0 OFLOW=0 G=0 E=0 L=0 ERR=1
# [FAIL]                                                                            S_ADD,FOPA 00100000,FOPB 00010000
#   DUT: RES=0x0000 COUT=0 OFLOW=0 G=0 E=0 L=0 ERR=0
#   REF: RES=0x0000 COUT=0 OFLOW=0 G=0 E=0 L=0 ERR=1
# [FAIL]                                                                            S_ADD,FOPA 00100000,FOPB 00100000
#   DUT: RES=0x0000 COUT=0 OFLOW=0 G=0 E=0 L=0 ERR=0
#   REF: RES=0x0000 COUT=0 OFLOW=0 G=0 E=0 L=0 ERR=1
# [FAIL]                                                                            S_ADD,FOPA 01110000,FOPB 01110000
#   DUT: RES=0x0000 COUT=0 OFLOW=0 G=0 E=0 L=0 ERR=0
#   REF: RES=0x0000 COUT=0 OFLOW=0 G=0 E=0 L=0 ERR=1
# [FAIL]                                                                            S_ADD,FOPA 10100000,FOPB 10100000
#   DUT: RES=0x0000 COUT=0 OFLOW=0 G=0 E=0 L=0 ERR=0
#   REF: RES=0x0000 COUT=0 OFLOW=0 G=0 E=0 L=0 ERR=1
# [FAIL]                                                                            S_ADD,FOPA 00010000,FOPB 00010000
#   DUT: RES=0x0000 COUT=0 OFLOW=0 G=0 E=0 L=0 ERR=0
#   REF: RES=0x0000 COUT=0 OFLOW=0 G=0 E=0 L=0 ERR=1
# [FAIL]                                                                            S_ADD,FOPA 01110000,FOPB 10010000
#   DUT: RES=0x0000 COUT=0 OFLOW=0 G=0 E=0 L=0 ERR=0
#   REF: RES=0x0000 COUT=0 OFLOW=0 G=0 E=0 L=0 ERR=1
# [FAIL]                                                                            S_ADD,FOPA 10010000,FOPB 00100000
#   DUT: RES=0x0000 COUT=0 OFLOW=0 G=0 E=0 L=0 ERR=0
#   REF: RES=0x0000 COUT=0 OFLOW=0 G=0 E=0 L=0 ERR=1
# [FAIL]                                                                            S_ADD,FOPA 10011111,FOPB 00100000
#   DUT: RES=0x0000 COUT=0 OFLOW=0 G=0 E=0 L=0 ERR=0
#   REF: RES=0x0000 COUT=0 OFLOW=0 G=0 E=0 L=0 ERR=1
# [FAIL]                                                                            S_ADD,FOPA 11110000,FOPB 00100000
#   DUT: RES=0x0000 COUT=0 OFLOW=0 G=0 E=0 L=0 ERR=0
#   REF: RES=0x0000 COUT=0 OFLOW=0 G=0 E=0 L=0 ERR=1
# [FAIL]                                                                            S_SUB,FOPA 01010000,FOPB 00110000
#   DUT: RES=0x0000 COUT=0 OFLOW=0 G=0 E=0 L=0 ERR=0
#   REF: RES=0x0000 COUT=0 OFLOW=0 G=0 E=0 L=0 ERR=1
# [FAIL]                                                                            S_SUB,FOPA 00110000,FOPB 01010000
#   DUT: RES=0x0000 COUT=0 OFLOW=0 G=0 E=0 L=0 ERR=0
#   REF: RES=0x0000 COUT=0 OFLOW=0 G=0 E=0 L=0 ERR=1
# [FAIL]                                                                            S_SUB,FOPA 01000000,FOPB 01000000
#   DUT: RES=0x0000 COUT=0 OFLOW=0 G=0 E=0 L=0 ERR=0
#   REF: RES=0x0000 COUT=0 OFLOW=0 G=0 E=0 L=0 ERR=1
# [FAIL]                                                                            S_SUB,FOPA 01110000,FOPB 10010000
#   DUT: RES=0x0000 COUT=0 OFLOW=0 G=0 E=0 L=0 ERR=0
#   REF: RES=0x0000 COUT=0 OFLOW=0 G=0 E=0 L=0 ERR=1
# [FAIL]                                                                            S_SUB,FOPA 10100000,FOPB 01110000
#   DUT: RES=0x0000 COUT=0 OFLOW=0 G=0 E=0 L=0 ERR=0
#   REF: RES=0x0000 COUT=0 OFLOW=0 G=0 E=0 L=0 ERR=1
# [FAIL]                                                                            S_SUB,FOPA 10010000,FOPB 01110000
#   DUT: RES=0x0000 COUT=0 OFLOW=0 G=0 E=0 L=0 ERR=0
#   REF: RES=0x0000 COUT=0 OFLOW=0 G=0 E=0 L=0 ERR=1
# [FAIL]                                                                            S_SUB,FOPA 01010000,FOPB 00010000
#   DUT: RES=0x0000 COUT=0 OFLOW=0 G=0 E=0 L=0 ERR=0
#   REF: RES=0x0000 COUT=0 OFLOW=0 G=0 E=0 L=0 ERR=1
# [FAIL]                                                                            S_SUB,FOPA 00000010,FOPB 11111111
#   DUT: RES=0x0000 COUT=0 OFLOW=0 G=0 E=0 L=0 ERR=0
#   REF: RES=0x0000 COUT=0 OFLOW=0 G=0 E=0 L=0 ERR=1
# [FAIL]                                                                            S_SUB,FOPA 00010000,FOPB 11110000
#   DUT: RES=0x0000 COUT=0 OFLOW=0 G=0 E=0 L=0 ERR=0
#   REF: RES=0x0000 COUT=0 OFLOW=0 G=0 E=0 L=0 ERR=1
# 
# === Testing Arithmetic Operations (INVALID=b00) ===
# [FAIL]                                                                              ADD,FOPA 00000001,FOPB 00000001
#   DUT: RES=0x0000 COUT=0 OFLOW=0 G=0 E=0 L=0 ERR=0
#   REF: RES=0x0000 COUT=0 OFLOW=0 G=0 E=0 L=0 ERR=1
# [FAIL]                                                                              ADD,FOPA 11111111,FOPB 00000001
#   DUT: RES=0x0000 COUT=0 OFLOW=0 G=0 E=0 L=0 ERR=0
#   REF: RES=0x0000 COUT=0 OFLOW=0 G=0 E=0 L=0 ERR=1
# [FAIL]                                                                              ADD,FOPA 00000000,FOPB 00000000
#   DUT: RES=0x0000 COUT=0 OFLOW=0 G=0 E=0 L=0 ERR=0
#   REF: RES=0x0000 COUT=0 OFLOW=0 G=0 E=0 L=0 ERR=1
# [FAIL]                                                                              SUB,FOPA 00000001,FOPB 00000001
#   DUT: RES=0x0000 COUT=0 OFLOW=0 G=0 E=0 L=0 ERR=0
#   REF: RES=0x0000 COUT=0 OFLOW=0 G=0 E=0 L=0 ERR=1
# [FAIL]                                                                              SUB,FOPA 00000000,FOPB 00000001
#   DUT: RES=0x0000 COUT=0 OFLOW=0 G=0 E=0 L=0 ERR=0
#   REF: RES=0x0000 COUT=0 OFLOW=0 G=0 E=0 L=0 ERR=1
# [FAIL]                                                                              SUB,FOPA 01010000,FOPB 01010000
#   DUT: RES=0x0000 COUT=0 OFLOW=0 G=0 E=0 L=0 ERR=0
#   REF: RES=0x0000 COUT=0 OFLOW=0 G=0 E=0 L=0 ERR=1
# [FAIL]                                                                          ADD_CIN,FOPA 11111111,FOPB 00000000
#   DUT: RES=0x0000 COUT=0 OFLOW=0 G=0 E=0 L=0 ERR=0
#   REF: RES=0x0000 COUT=0 OFLOW=0 G=0 E=0 L=0 ERR=1
# [FAIL]                                                                          ADD_CIN,FOPA 11111111,FOPB 00000000
#   DUT: RES=0x0000 COUT=0 OFLOW=0 G=0 E=0 L=0 ERR=0
#   REF: RES=0x0000 COUT=0 OFLOW=0 G=0 E=0 L=0 ERR=1
# [FAIL]                                                                          ADD_CIN,FOPA 00000001,FOPB 00000001
#   DUT: RES=0x0000 COUT=0 OFLOW=0 G=0 E=0 L=0 ERR=0
#   REF: RES=0x0000 COUT=0 OFLOW=0 G=0 E=0 L=0 ERR=1
# [FAIL]                                                                          SUB_CIN,FOPA 00001010,FOPB 00000011
#   DUT: RES=0x0000 COUT=0 OFLOW=0 G=0 E=0 L=0 ERR=0
#   REF: RES=0x0000 COUT=0 OFLOW=0 G=0 E=0 L=0 ERR=1
# [FAIL]                                                                          SUB_CIN,FOPA 00000000,FOPB 00000000
#   DUT: RES=0x0000 COUT=0 OFLOW=0 G=0 E=0 L=0 ERR=0
#   REF: RES=0x0000 COUT=0 OFLOW=0 G=0 E=0 L=0 ERR=1
# [FAIL]                                                                          SUB_CIN,FOPA 00000001,FOPB 00000001
#   DUT: RES=0x0000 COUT=0 OFLOW=0 G=0 E=0 L=0 ERR=0
#   REF: RES=0x0000 COUT=0 OFLOW=0 G=0 E=0 L=0 ERR=1
# [FAIL]                                                                          SUB_CIN,FOPA 00000001,FOPB 00000001
#   DUT: RES=0x0000 COUT=0 OFLOW=0 G=0 E=0 L=0 ERR=0
#   REF: RES=0x0000 COUT=0 OFLOW=0 G=0 E=0 L=0 ERR=1
# [FAIL]                                                                            INC_A,FOPA 01010000,FOPB 00000000
#   DUT: RES=0x0000 COUT=0 OFLOW=0 G=0 E=0 L=0 ERR=0
#   REF: RES=0x0000 COUT=0 OFLOW=0 G=0 E=0 L=0 ERR=1
# [FAIL]                                                                            INC_A,FOPA 11111111,FOPB 00000000
#   DUT: RES=0x0000 COUT=0 OFLOW=0 G=0 E=0 L=0 ERR=0
#   REF: RES=0x0000 COUT=0 OFLOW=0 G=0 E=0 L=0 ERR=1
# [FAIL]                                                                            INC_A,FOPA 00001010,FOPB 00000000
#   DUT: RES=0x0000 COUT=0 OFLOW=0 G=0 E=0 L=0 ERR=0
#   REF: RES=0x0000 COUT=0 OFLOW=0 G=0 E=0 L=0 ERR=1
# [PASS]                                                                            DEC_A,POPA 01001001,POPB 00000000
# [PASS]                                                                            DEC_A,POPA 00000000,POPB 00000000
# [PASS]                                                                            DEC_A,POPA 00001010,POPB 00000000
# [PASS]                                                                            INC_B,POPA 00000000,POPB 01010000
# [PASS]                                                                            INC_B,POPA 00000000,POPB 11111111
# [PASS]                                                                            DEC_B,POPA 00000000,POPB 01001001
# [PASS]                                                                            DEC_B,POPA 00000000,POPB 00000000
# [FAIL]                                                                              CMP,FOPA 11001000,FOPB 01100100
#   DUT: RES=0x0000 COUT=0 OFLOW=0 G=0 E=1 L=0 ERR=0
#   REF: RES=0x0000 COUT=0 OFLOW=0 G=0 E=0 L=0 ERR=1
# [FAIL]                                                                              CMP,FOPA 00110010,FOPB 11001000
#   DUT: RES=0x0000 COUT=0 OFLOW=0 G=0 E=1 L=0 ERR=0
#   REF: RES=0x0000 COUT=0 OFLOW=0 G=0 E=0 L=0 ERR=1
# [FAIL]                                                                              CMP,FOPA 10000000,FOPB 10000000
#   DUT: RES=0x0000 COUT=0 OFLOW=0 G=0 E=1 L=0 ERR=0
#   REF: RES=0x0000 COUT=0 OFLOW=0 G=0 E=0 L=0 ERR=1
# [FAIL]                                                                           MUL_AB,FOPA 11111111,FOPB 11111111
#   DUT: RES=0x0001 COUT=0 OFLOW=0 G=0 E=0 L=0 ERR=0
#   REF: RES=0x0000 COUT=0 OFLOW=0 G=0 E=0 L=0 ERR=1
# [FAIL]                                                                           MUL_AB,FOPA 11111110,FOPB 11111110
#   DUT: RES=0x0001 COUT=0 OFLOW=0 G=0 E=0 L=0 ERR=0
#   REF: RES=0x0000 COUT=0 OFLOW=0 G=0 E=0 L=0 ERR=1
# [FAIL]                                                                           MUL_AB,FOPA 11111111,FOPB 11111111
#   DUT: RES=0x0001 COUT=0 OFLOW=0 G=0 E=0 L=0 ERR=0
#   REF: RES=0x0000 COUT=0 OFLOW=0 G=0 E=0 L=0 ERR=1
# [FAIL]                                                                           MUL_AB,FOPA 11111110,FOPB 11111110
#   DUT: RES=0x0001 COUT=0 OFLOW=0 G=0 E=0 L=0 ERR=0
#   REF: RES=0x0000 COUT=0 OFLOW=0 G=0 E=0 L=0 ERR=1
# [FAIL]                                                                           MUL_AB,FOPA 11111111,FOPB 11111111
#   DUT: RES=0x0001 COUT=0 OFLOW=0 G=0 E=0 L=0 ERR=0
#   REF: RES=0x0000 COUT=0 OFLOW=0 G=0 E=0 L=0 ERR=1
# [FAIL]                                                                           MUL_AB,FOPA 00000001,FOPB 00000101
#   DUT: RES=0x0001 COUT=0 OFLOW=0 G=0 E=0 L=0 ERR=0
#   REF: RES=0x0000 COUT=0 OFLOW=0 G=0 E=0 L=0 ERR=1
# [FAIL]                                                                           MUL_AB,FOPA 00001111,FOPB 01011111
#   DUT: RES=0x0001 COUT=0 OFLOW=0 G=0 E=0 L=0 ERR=0
#   REF: RES=0x0000 COUT=0 OFLOW=0 G=0 E=0 L=0 ERR=1
# [FAIL]                                                                           MUL_AB,FOPA 11110000,FOPB 11111110
#   DUT: RES=0x0001 COUT=0 OFLOW=0 G=0 E=0 L=0 ERR=0
#   REF: RES=0x0000 COUT=0 OFLOW=0 G=0 E=0 L=0 ERR=1
# [FAIL]                                                                           MUL_AB,FOPA 10101010,FOPB 01010101
#   DUT: RES=0x0001 COUT=0 OFLOW=0 G=0 E=0 L=0 ERR=0
#   REF: RES=0x0000 COUT=0 OFLOW=0 G=0 E=0 L=0 ERR=1
# [FAIL]                                                                           MUL_AB,FOPA 01010101,FOPB 10101010
#   DUT: RES=0x0001 COUT=0 OFLOW=0 G=0 E=0 L=0 ERR=0
#   REF: RES=0x0000 COUT=0 OFLOW=0 G=0 E=0 L=0 ERR=1
# [FAIL]                                                                           MUL_AB,FOPA 01111111,FOPB 01111111
#   DUT: RES=0x0001 COUT=0 OFLOW=0 G=0 E=0 L=0 ERR=0
#   REF: RES=0x0000 COUT=0 OFLOW=0 G=0 E=0 L=0 ERR=1
# [FAIL]                                                                           MUL_AB,FOPA 10000000,FOPB 10000000
#   DUT: RES=0x0001 COUT=0 OFLOW=0 G=0 E=0 L=0 ERR=0
#   REF: RES=0x0000 COUT=0 OFLOW=0 G=0 E=0 L=0 ERR=1
# [FAIL]                                                                           MUL_AB,FOPA 11111111,FOPB 11111111
#   DUT: RES=0x0001 COUT=0 OFLOW=0 G=0 E=0 L=0 ERR=0
#   REF: RES=0x0000 COUT=0 OFLOW=0 G=0 E=0 L=0 ERR=1
# [FAIL]                                                                        SHIFT_MUL,FOPA 00000001,FOPB 00000001
#   DUT: RES=0x0000 COUT=0 OFLOW=0 G=0 E=0 L=0 ERR=0
#   REF: RES=0x0000 COUT=0 OFLOW=0 G=0 E=0 L=0 ERR=1
# [FAIL]                                                                        SHIFT_MUL,FOPA 00000011,FOPB 00000001
#   DUT: RES=0x0000 COUT=0 OFLOW=0 G=0 E=0 L=0 ERR=0
#   REF: RES=0x0000 COUT=0 OFLOW=0 G=0 E=0 L=0 ERR=1
# [FAIL]                                                                        SHIFT_MUL,FOPA 00001111,FOPB 00000001
#   DUT: RES=0x0000 COUT=0 OFLOW=0 G=0 E=0 L=0 ERR=0
#   REF: RES=0x0000 COUT=0 OFLOW=0 G=0 E=0 L=0 ERR=1
# [FAIL]                                                                        SHIFT_MUL,FOPA 00011111,FOPB 00000001
#   DUT: RES=0x0000 COUT=0 OFLOW=0 G=0 E=0 L=0 ERR=0
#   REF: RES=0x0000 COUT=0 OFLOW=0 G=0 E=0 L=0 ERR=1
# [FAIL]                                                                        SHIFT_MUL,FOPA 00111111,FOPB 00000001
#   DUT: RES=0x0000 COUT=0 OFLOW=0 G=0 E=0 L=0 ERR=0
#   REF: RES=0x0000 COUT=0 OFLOW=0 G=0 E=0 L=0 ERR=1
# [FAIL]                                                                        SHIFT_MUL,FOPA 01111111,FOPB 00000001
#   DUT: RES=0x0000 COUT=0 OFLOW=0 G=0 E=0 L=0 ERR=0
#   REF: RES=0x0000 COUT=0 OFLOW=0 G=0 E=0 L=0 ERR=1
# [FAIL]                                                                        SHIFT_MUL,FOPA 11111111,FOPB 00000001
#   DUT: RES=0x0000 COUT=0 OFLOW=0 G=0 E=0 L=0 ERR=0
#   REF: RES=0x0000 COUT=0 OFLOW=0 G=0 E=0 L=0 ERR=1
# [FAIL]                                                                        SHIFT_MUL,FOPA 00000000,FOPB 00000001
#   DUT: RES=0x0000 COUT=0 OFLOW=0 G=0 E=0 L=0 ERR=0
#   REF: RES=0x0000 COUT=0 OFLOW=0 G=0 E=0 L=0 ERR=1
# [FAIL]                                                                        SHIFT_MUL,FOPA 11111111,FOPB 11111110
#   DUT: RES=0x0000 COUT=0 OFLOW=0 G=0 E=0 L=0 ERR=0
#   REF: RES=0x0000 COUT=0 OFLOW=0 G=0 E=0 L=0 ERR=1
# [FAIL]                                                                        SHIFT_MUL,FOPA 01011111,FOPB 01010101
#   DUT: RES=0x0000 COUT=0 OFLOW=0 G=0 E=0 L=0 ERR=0
#   REF: RES=0x0000 COUT=0 OFLOW=0 G=0 E=0 L=0 ERR=1
# [FAIL]                                                                        SHIFT_MUL,FOPA 10101010,FOPB 00000001
#   DUT: RES=0x0000 COUT=0 OFLOW=0 G=0 E=0 L=0 ERR=0
#   REF: RES=0x0000 COUT=0 OFLOW=0 G=0 E=0 L=0 ERR=1
# [FAIL]                                                                            S_ADD,FOPA 00010000,FOPB 00100000
#   DUT: RES=0x0000 COUT=0 OFLOW=0 G=0 E=0 L=0 ERR=0
#   REF: RES=0x0000 COUT=0 OFLOW=0 G=0 E=0 L=0 ERR=1
# [FAIL]                                                                            S_ADD,FOPA 00100000,FOPB 00010000
#   DUT: RES=0x0000 COUT=0 OFLOW=0 G=0 E=0 L=0 ERR=0
#   REF: RES=0x0000 COUT=0 OFLOW=0 G=0 E=0 L=0 ERR=1
# [FAIL]                                                                            S_ADD,FOPA 00100000,FOPB 00100000
#   DUT: RES=0x0000 COUT=0 OFLOW=0 G=0 E=0 L=0 ERR=0
#   REF: RES=0x0000 COUT=0 OFLOW=0 G=0 E=0 L=0 ERR=1
# [FAIL]                                                                            S_ADD,FOPA 01110000,FOPB 01110000
#   DUT: RES=0x0000 COUT=0 OFLOW=0 G=0 E=0 L=0 ERR=0
#   REF: RES=0x0000 COUT=0 OFLOW=0 G=0 E=0 L=0 ERR=1
# [FAIL]                                                                            S_ADD,FOPA 10100000,FOPB 10100000
#   DUT: RES=0x0000 COUT=0 OFLOW=0 G=0 E=0 L=0 ERR=0
#   REF: RES=0x0000 COUT=0 OFLOW=0 G=0 E=0 L=0 ERR=1
# [FAIL]                                                                            S_ADD,FOPA 00010000,FOPB 00010000
#   DUT: RES=0x0000 COUT=0 OFLOW=0 G=0 E=0 L=0 ERR=0
#   REF: RES=0x0000 COUT=0 OFLOW=0 G=0 E=0 L=0 ERR=1
# [FAIL]                                                                            S_ADD,FOPA 01110000,FOPB 10010000
#   DUT: RES=0x0000 COUT=0 OFLOW=0 G=0 E=0 L=0 ERR=0
#   REF: RES=0x0000 COUT=0 OFLOW=0 G=0 E=0 L=0 ERR=1
# [FAIL]                                                                            S_ADD,FOPA 10010000,FOPB 00100000
#   DUT: RES=0x0000 COUT=0 OFLOW=0 G=0 E=0 L=0 ERR=0
#   REF: RES=0x0000 COUT=0 OFLOW=0 G=0 E=0 L=0 ERR=1
# [FAIL]                                                                            S_ADD,FOPA 10011111,FOPB 00100000
#   DUT: RES=0x0000 COUT=0 OFLOW=0 G=0 E=0 L=0 ERR=0
#   REF: RES=0x0000 COUT=0 OFLOW=0 G=0 E=0 L=0 ERR=1
# [FAIL]                                                                            S_ADD,FOPA 11110000,FOPB 00100000
#   DUT: RES=0x0000 COUT=0 OFLOW=0 G=0 E=0 L=0 ERR=0
#   REF: RES=0x0000 COUT=0 OFLOW=0 G=0 E=0 L=0 ERR=1
# [FAIL]                                                                            S_SUB,FOPA 01010000,FOPB 00110000
#   DUT: RES=0x0000 COUT=0 OFLOW=0 G=0 E=0 L=0 ERR=0
#   REF: RES=0x0000 COUT=0 OFLOW=0 G=0 E=0 L=0 ERR=1
# [FAIL]                                                                            S_SUB,FOPA 00110000,FOPB 01010000
#   DUT: RES=0x0000 COUT=0 OFLOW=0 G=0 E=0 L=0 ERR=0
#   REF: RES=0x0000 COUT=0 OFLOW=0 G=0 E=0 L=0 ERR=1
# [FAIL]                                                                            S_SUB,FOPA 01000000,FOPB 01000000
#   DUT: RES=0x0000 COUT=0 OFLOW=0 G=0 E=0 L=0 ERR=0
#   REF: RES=0x0000 COUT=0 OFLOW=0 G=0 E=0 L=0 ERR=1
# [FAIL]                                                                            S_SUB,FOPA 01110000,FOPB 10010000
#   DUT: RES=0x0000 COUT=0 OFLOW=0 G=0 E=0 L=0 ERR=0
#   REF: RES=0x0000 COUT=0 OFLOW=0 G=0 E=0 L=0 ERR=1
# [FAIL]                                                                            S_SUB,FOPA 10100000,FOPB 01110000
#   DUT: RES=0x0000 COUT=0 OFLOW=0 G=0 E=0 L=0 ERR=0
#   REF: RES=0x0000 COUT=0 OFLOW=0 G=0 E=0 L=0 ERR=1
# [FAIL]                                                                            S_SUB,FOPA 10010000,FOPB 01110000
#   DUT: RES=0x0000 COUT=0 OFLOW=0 G=0 E=0 L=0 ERR=0
#   REF: RES=0x0000 COUT=0 OFLOW=0 G=0 E=0 L=0 ERR=1
# [FAIL]                                                                            S_SUB,FOPA 01010000,FOPB 00010000
#   DUT: RES=0x0000 COUT=0 OFLOW=0 G=0 E=0 L=0 ERR=0
#   REF: RES=0x0000 COUT=0 OFLOW=0 G=0 E=0 L=0 ERR=1
# [FAIL]                                                                            S_SUB,FOPA 00000010,FOPB 11111111
#   DUT: RES=0x0000 COUT=0 OFLOW=0 G=0 E=0 L=0 ERR=0
#   REF: RES=0x0000 COUT=0 OFLOW=0 G=0 E=0 L=0 ERR=1
# [FAIL]                                                                            S_SUB,FOPA 00010000,FOPB 11110000
#   DUT: RES=0x0000 COUT=0 OFLOW=0 G=0 E=0 L=0 ERR=0
#   REF: RES=0x0000 COUT=0 OFLOW=0 G=0 E=0 L=0 ERR=1
# 
# === Testing Arithmetic Operations (INVALID=bxx) ===
# [FAIL]                                                                              ADD,FOPA 00000001,FOPB 00000001
#   DUT: RES=0x0000 COUT=0 OFLOW=0 G=0 E=0 L=0 ERR=0
#   REF: RES=0x0000 COUT=0 OFLOW=0 G=0 E=0 L=0 ERR=1
# [FAIL]                                                                              ADD,FOPA 11111111,FOPB 00000001
#   DUT: RES=0x0000 COUT=0 OFLOW=0 G=0 E=0 L=0 ERR=0
#   REF: RES=0x0000 COUT=0 OFLOW=0 G=0 E=0 L=0 ERR=1
# [FAIL]                                                                              ADD,FOPA 00000000,FOPB 00000000
#   DUT: RES=0x0000 COUT=0 OFLOW=0 G=0 E=0 L=0 ERR=0
#   REF: RES=0x0000 COUT=0 OFLOW=0 G=0 E=0 L=0 ERR=1
# [FAIL]                                                                              SUB,FOPA 00000001,FOPB 00000001
#   DUT: RES=0x0000 COUT=0 OFLOW=0 G=0 E=0 L=0 ERR=0
#   REF: RES=0x0000 COUT=0 OFLOW=0 G=0 E=0 L=0 ERR=1
# [FAIL]                                                                              SUB,FOPA 00000000,FOPB 00000001
#   DUT: RES=0x0000 COUT=0 OFLOW=0 G=0 E=0 L=0 ERR=0
#   REF: RES=0x0000 COUT=0 OFLOW=0 G=0 E=0 L=0 ERR=1
# [FAIL]                                                                              SUB,FOPA 01010000,FOPB 01010000
#   DUT: RES=0x0000 COUT=0 OFLOW=0 G=0 E=0 L=0 ERR=0
#   REF: RES=0x0000 COUT=0 OFLOW=0 G=0 E=0 L=0 ERR=1
# [FAIL]                                                                          ADD_CIN,FOPA 11111111,FOPB 00000000
#   DUT: RES=0x0000 COUT=0 OFLOW=0 G=0 E=0 L=0 ERR=0
#   REF: RES=0x0000 COUT=0 OFLOW=0 G=0 E=0 L=0 ERR=1
# [FAIL]                                                                          ADD_CIN,FOPA 11111111,FOPB 00000000
#   DUT: RES=0x0000 COUT=0 OFLOW=0 G=0 E=0 L=0 ERR=0
#   REF: RES=0x0000 COUT=0 OFLOW=0 G=0 E=0 L=0 ERR=1
# [FAIL]                                                                          ADD_CIN,FOPA 00000001,FOPB 00000001
#   DUT: RES=0x0000 COUT=0 OFLOW=0 G=0 E=0 L=0 ERR=0
#   REF: RES=0x0000 COUT=0 OFLOW=0 G=0 E=0 L=0 ERR=1
# [FAIL]                                                                          SUB_CIN,FOPA 00001010,FOPB 00000011
#   DUT: RES=0x0000 COUT=0 OFLOW=0 G=0 E=0 L=0 ERR=0
#   REF: RES=0x0000 COUT=0 OFLOW=0 G=0 E=0 L=0 ERR=1
# [FAIL]                                                                          SUB_CIN,FOPA 00000000,FOPB 00000000
#   DUT: RES=0x0000 COUT=0 OFLOW=0 G=0 E=0 L=0 ERR=0
#   REF: RES=0x0000 COUT=0 OFLOW=0 G=0 E=0 L=0 ERR=1
# [FAIL]                                                                          SUB_CIN,FOPA 00000001,FOPB 00000001
#   DUT: RES=0x0000 COUT=0 OFLOW=0 G=0 E=0 L=0 ERR=0
#   REF: RES=0x0000 COUT=0 OFLOW=0 G=0 E=0 L=0 ERR=1
# [FAIL]                                                                          SUB_CIN,FOPA 00000001,FOPB 00000001
#   DUT: RES=0x0000 COUT=0 OFLOW=0 G=0 E=0 L=0 ERR=0
#   REF: RES=0x0000 COUT=0 OFLOW=0 G=0 E=0 L=0 ERR=1
# [FAIL]                                                                            INC_A,FOPA 01010000,FOPB 00000000
#   DUT: RES=0x0000 COUT=0 OFLOW=0 G=0 E=0 L=0 ERR=0
#   REF: RES=0x0000 COUT=0 OFLOW=0 G=0 E=0 L=0 ERR=1
# [FAIL]                                                                            INC_A,FOPA 11111111,FOPB 00000000
#   DUT: RES=0x0000 COUT=0 OFLOW=0 G=0 E=0 L=0 ERR=0
#   REF: RES=0x0000 COUT=0 OFLOW=0 G=0 E=0 L=0 ERR=1
# [FAIL]                                                                            INC_A,FOPA 00001010,FOPB 00000000
#   DUT: RES=0x0000 COUT=0 OFLOW=0 G=0 E=0 L=0 ERR=0
#   REF: RES=0x0000 COUT=0 OFLOW=0 G=0 E=0 L=0 ERR=1
# [PASS]                                                                            DEC_A,POPA 01001001,POPB 00000000
# [PASS]                                                                            DEC_A,POPA 00000000,POPB 00000000
# [PASS]                                                                            DEC_A,POPA 00001010,POPB 00000000
# [PASS]                                                                            INC_B,POPA 00000000,POPB 01010000
# [PASS]                                                                            INC_B,POPA 00000000,POPB 11111111
# [PASS]                                                                            DEC_B,POPA 00000000,POPB 01001001
# [PASS]                                                                            DEC_B,POPA 00000000,POPB 00000000
# [FAIL]                                                                              CMP,FOPA 11001000,FOPB 01100100
#   DUT: RES=0x0000 COUT=0 OFLOW=0 G=1 E=0 L=0 ERR=0
#   REF: RES=0x0000 COUT=0 OFLOW=0 G=0 E=0 L=0 ERR=1
# [FAIL]                                                                              CMP,FOPA 00110010,FOPB 11001000
#   DUT: RES=0x0000 COUT=0 OFLOW=0 G=1 E=0 L=0 ERR=0
#   REF: RES=0x0000 COUT=0 OFLOW=0 G=0 E=0 L=0 ERR=1
# [FAIL]                                                                              CMP,FOPA 10000000,FOPB 10000000
#   DUT: RES=0x0000 COUT=0 OFLOW=0 G=1 E=0 L=0 ERR=0
#   REF: RES=0x0000 COUT=0 OFLOW=0 G=0 E=0 L=0 ERR=1
# [FAIL]                                                                           MUL_AB,FOPA 11111111,FOPB 11111111
#   DUT: RES=0x0100 COUT=0 OFLOW=0 G=0 E=0 L=0 ERR=0
#   REF: RES=0x0000 COUT=0 OFLOW=0 G=0 E=0 L=0 ERR=1
# [FAIL]                                                                           MUL_AB,FOPA 11111110,FOPB 11111110
#   DUT: RES=0x00ff COUT=0 OFLOW=0 G=0 E=0 L=0 ERR=0
#   REF: RES=0x0000 COUT=0 OFLOW=0 G=0 E=0 L=0 ERR=1
# [FAIL]                                                                           MUL_AB,FOPA 11111111,FOPB 11111111
#   DUT: RES=0x0100 COUT=0 OFLOW=0 G=0 E=0 L=0 ERR=0
#   REF: RES=0x0000 COUT=0 OFLOW=0 G=0 E=0 L=0 ERR=1
# [FAIL]                                                                           MUL_AB,FOPA 11111110,FOPB 11111110
#   DUT: RES=0x00ff COUT=0 OFLOW=0 G=0 E=0 L=0 ERR=0
#   REF: RES=0x0000 COUT=0 OFLOW=0 G=0 E=0 L=0 ERR=1
# [FAIL]                                                                           MUL_AB,FOPA 11111111,FOPB 11111111
#   DUT: RES=0x0100 COUT=0 OFLOW=0 G=0 E=0 L=0 ERR=0
#   REF: RES=0x0000 COUT=0 OFLOW=0 G=0 E=0 L=0 ERR=1
# [FAIL]                                                                           MUL_AB,FOPA 00000001,FOPB 00000101
#   DUT: RES=0x0002 COUT=0 OFLOW=0 G=0 E=0 L=0 ERR=0
#   REF: RES=0x0000 COUT=0 OFLOW=0 G=0 E=0 L=0 ERR=1
# [FAIL]                                                                           MUL_AB,FOPA 00001111,FOPB 01011111
#   DUT: RES=0x0010 COUT=0 OFLOW=0 G=0 E=0 L=0 ERR=0
#   REF: RES=0x0000 COUT=0 OFLOW=0 G=0 E=0 L=0 ERR=1
# [FAIL]                                                                           MUL_AB,FOPA 11110000,FOPB 11111110
#   DUT: RES=0x00f1 COUT=0 OFLOW=0 G=0 E=0 L=0 ERR=0
#   REF: RES=0x0000 COUT=0 OFLOW=0 G=0 E=0 L=0 ERR=1
# [FAIL]                                                                           MUL_AB,FOPA 10101010,FOPB 01010101
#   DUT: RES=0x00ab COUT=0 OFLOW=0 G=0 E=0 L=0 ERR=0
#   REF: RES=0x0000 COUT=0 OFLOW=0 G=0 E=0 L=0 ERR=1
# [FAIL]                                                                           MUL_AB,FOPA 01010101,FOPB 10101010
#   DUT: RES=0x0056 COUT=0 OFLOW=0 G=0 E=0 L=0 ERR=0
#   REF: RES=0x0000 COUT=0 OFLOW=0 G=0 E=0 L=0 ERR=1
# [FAIL]                                                                           MUL_AB,FOPA 01111111,FOPB 01111111
#   DUT: RES=0x0080 COUT=0 OFLOW=0 G=0 E=0 L=0 ERR=0
#   REF: RES=0x0000 COUT=0 OFLOW=0 G=0 E=0 L=0 ERR=1
# [FAIL]                                                                           MUL_AB,FOPA 10000000,FOPB 10000000
#   DUT: RES=0x0081 COUT=0 OFLOW=0 G=0 E=0 L=0 ERR=0
#   REF: RES=0x0000 COUT=0 OFLOW=0 G=0 E=0 L=0 ERR=1
# [FAIL]                                                                           MUL_AB,FOPA 11111111,FOPB 11111111
#   DUT: RES=0x0100 COUT=0 OFLOW=0 G=0 E=0 L=0 ERR=0
#   REF: RES=0x0000 COUT=0 OFLOW=0 G=0 E=0 L=0 ERR=1
# [FAIL]                                                                        SHIFT_MUL,FOPA 00000001,FOPB 00000001
#   DUT: RES=0x0000 COUT=0 OFLOW=0 G=0 E=0 L=0 ERR=0
#   REF: RES=0x0000 COUT=0 OFLOW=0 G=0 E=0 L=0 ERR=1
# [FAIL]                                                                        SHIFT_MUL,FOPA 00000011,FOPB 00000001
#   DUT: RES=0x0000 COUT=0 OFLOW=0 G=0 E=0 L=0 ERR=0
#   REF: RES=0x0000 COUT=0 OFLOW=0 G=0 E=0 L=0 ERR=1
# [FAIL]                                                                        SHIFT_MUL,FOPA 00001111,FOPB 00000001
#   DUT: RES=0x0000 COUT=0 OFLOW=0 G=0 E=0 L=0 ERR=0
#   REF: RES=0x0000 COUT=0 OFLOW=0 G=0 E=0 L=0 ERR=1
# [FAIL]                                                                        SHIFT_MUL,FOPA 00011111,FOPB 00000001
#   DUT: RES=0x0000 COUT=0 OFLOW=0 G=0 E=0 L=0 ERR=0
#   REF: RES=0x0000 COUT=0 OFLOW=0 G=0 E=0 L=0 ERR=1
# [FAIL]                                                                        SHIFT_MUL,FOPA 00111111,FOPB 00000001
#   DUT: RES=0x0000 COUT=0 OFLOW=0 G=0 E=0 L=0 ERR=0
#   REF: RES=0x0000 COUT=0 OFLOW=0 G=0 E=0 L=0 ERR=1
# [FAIL]                                                                        SHIFT_MUL,FOPA 01111111,FOPB 00000001
#   DUT: RES=0x0000 COUT=0 OFLOW=0 G=0 E=0 L=0 ERR=0
#   REF: RES=0x0000 COUT=0 OFLOW=0 G=0 E=0 L=0 ERR=1
# [FAIL]                                                                        SHIFT_MUL,FOPA 11111111,FOPB 00000001
#   DUT: RES=0x0000 COUT=0 OFLOW=0 G=0 E=0 L=0 ERR=0
#   REF: RES=0x0000 COUT=0 OFLOW=0 G=0 E=0 L=0 ERR=1
# [FAIL]                                                                        SHIFT_MUL,FOPA 00000000,FOPB 00000001
#   DUT: RES=0x0000 COUT=0 OFLOW=0 G=0 E=0 L=0 ERR=0
#   REF: RES=0x0000 COUT=0 OFLOW=0 G=0 E=0 L=0 ERR=1
# [FAIL]                                                                        SHIFT_MUL,FOPA 11111111,FOPB 11111110
#   DUT: RES=0x0000 COUT=0 OFLOW=0 G=0 E=0 L=0 ERR=0
#   REF: RES=0x0000 COUT=0 OFLOW=0 G=0 E=0 L=0 ERR=1
# [FAIL]                                                                        SHIFT_MUL,FOPA 01011111,FOPB 01010101
#   DUT: RES=0x0000 COUT=0 OFLOW=0 G=0 E=0 L=0 ERR=0
#   REF: RES=0x0000 COUT=0 OFLOW=0 G=0 E=0 L=0 ERR=1
# [FAIL]                                                                        SHIFT_MUL,FOPA 10101010,FOPB 00000001
#   DUT: RES=0x0000 COUT=0 OFLOW=0 G=0 E=0 L=0 ERR=0
#   REF: RES=0x0000 COUT=0 OFLOW=0 G=0 E=0 L=0 ERR=1
# [FAIL]                                                                            S_ADD,FOPA 00010000,FOPB 00100000
#   DUT: RES=0x0000 COUT=0 OFLOW=0 G=0 E=0 L=0 ERR=0
#   REF: RES=0x0000 COUT=0 OFLOW=0 G=0 E=0 L=0 ERR=1
# [FAIL]                                                                            S_ADD,FOPA 00100000,FOPB 00010000
#   DUT: RES=0x0000 COUT=0 OFLOW=0 G=0 E=0 L=0 ERR=0
#   REF: RES=0x0000 COUT=0 OFLOW=0 G=0 E=0 L=0 ERR=1
# [FAIL]                                                                            S_ADD,FOPA 00100000,FOPB 00100000
#   DUT: RES=0x0000 COUT=0 OFLOW=0 G=0 E=0 L=0 ERR=0
#   REF: RES=0x0000 COUT=0 OFLOW=0 G=0 E=0 L=0 ERR=1
# [FAIL]                                                                            S_ADD,FOPA 01110000,FOPB 01110000
#   DUT: RES=0x0000 COUT=0 OFLOW=0 G=0 E=0 L=0 ERR=0
#   REF: RES=0x0000 COUT=0 OFLOW=0 G=0 E=0 L=0 ERR=1
# [FAIL]                                                                            S_ADD,FOPA 10100000,FOPB 10100000
#   DUT: RES=0x0000 COUT=0 OFLOW=0 G=0 E=0 L=0 ERR=0
#   REF: RES=0x0000 COUT=0 OFLOW=0 G=0 E=0 L=0 ERR=1
# [FAIL]                                                                            S_ADD,FOPA 00010000,FOPB 00010000
#   DUT: RES=0x0000 COUT=0 OFLOW=0 G=0 E=0 L=0 ERR=0
#   REF: RES=0x0000 COUT=0 OFLOW=0 G=0 E=0 L=0 ERR=1
# [FAIL]                                                                            S_ADD,FOPA 01110000,FOPB 10010000
#   DUT: RES=0x0000 COUT=0 OFLOW=0 G=0 E=0 L=0 ERR=0
#   REF: RES=0x0000 COUT=0 OFLOW=0 G=0 E=0 L=0 ERR=1
# [FAIL]                                                                            S_ADD,FOPA 10010000,FOPB 00100000
#   DUT: RES=0x0000 COUT=0 OFLOW=0 G=0 E=0 L=0 ERR=0
#   REF: RES=0x0000 COUT=0 OFLOW=0 G=0 E=0 L=0 ERR=1
# [FAIL]                                                                            S_ADD,FOPA 10011111,FOPB 00100000
#   DUT: RES=0x0000 COUT=0 OFLOW=0 G=0 E=0 L=0 ERR=0
#   REF: RES=0x0000 COUT=0 OFLOW=0 G=0 E=0 L=0 ERR=1
# [FAIL]                                                                            S_ADD,FOPA 11110000,FOPB 00100000
#   DUT: RES=0x0000 COUT=0 OFLOW=0 G=0 E=0 L=0 ERR=0
#   REF: RES=0x0000 COUT=0 OFLOW=0 G=0 E=0 L=0 ERR=1
# [FAIL]                                                                            S_SUB,FOPA 01010000,FOPB 00110000
#   DUT: RES=0x0000 COUT=0 OFLOW=0 G=0 E=0 L=0 ERR=0
#   REF: RES=0x0000 COUT=0 OFLOW=0 G=0 E=0 L=0 ERR=1
# [FAIL]                                                                            S_SUB,FOPA 00110000,FOPB 01010000
#   DUT: RES=0x0000 COUT=0 OFLOW=0 G=0 E=0 L=0 ERR=0
#   REF: RES=0x0000 COUT=0 OFLOW=0 G=0 E=0 L=0 ERR=1
# [FAIL]                                                                            S_SUB,FOPA 01000000,FOPB 01000000
#   DUT: RES=0x0000 COUT=0 OFLOW=0 G=0 E=0 L=0 ERR=0
#   REF: RES=0x0000 COUT=0 OFLOW=0 G=0 E=0 L=0 ERR=1
# [FAIL]                                                                            S_SUB,FOPA 01110000,FOPB 10010000
#   DUT: RES=0x0000 COUT=0 OFLOW=0 G=0 E=0 L=0 ERR=0
#   REF: RES=0x0000 COUT=0 OFLOW=0 G=0 E=0 L=0 ERR=1
# [FAIL]                                                                            S_SUB,FOPA 10100000,FOPB 01110000
#   DUT: RES=0x0000 COUT=0 OFLOW=0 G=0 E=0 L=0 ERR=0
#   REF: RES=0x0000 COUT=0 OFLOW=0 G=0 E=0 L=0 ERR=1
# [FAIL]                                                                            S_SUB,FOPA 10010000,FOPB 01110000
#   DUT: RES=0x0000 COUT=0 OFLOW=0 G=0 E=0 L=0 ERR=0
#   REF: RES=0x0000 COUT=0 OFLOW=0 G=0 E=0 L=0 ERR=1
# [FAIL]                                                                            S_SUB,FOPA 01010000,FOPB 00010000
#   DUT: RES=0x0000 COUT=0 OFLOW=0 G=0 E=0 L=0 ERR=0
#   REF: RES=0x0000 COUT=0 OFLOW=0 G=0 E=0 L=0 ERR=1
# [FAIL]                                                                            S_SUB,FOPA 00000010,FOPB 11111111
#   DUT: RES=0x0000 COUT=0 OFLOW=0 G=0 E=0 L=0 ERR=0
#   REF: RES=0x0000 COUT=0 OFLOW=0 G=0 E=0 L=0 ERR=1
# [FAIL]                                                                            S_SUB,FOPA 00010000,FOPB 11110000
#   DUT: RES=0x0000 COUT=0 OFLOW=0 G=0 E=0 L=0 ERR=0
#   REF: RES=0x0000 COUT=0 OFLOW=0 G=0 E=0 L=0 ERR=1
# 
# === Testing Logical Operations (MODE=0) ===
# [PASS]                                                                              AND,POPA 10101010,POPB 01010101
# [FAIL]                                                                             NAND,FOPA 10101010,FOPB 01010101
#   DUT: RES=0x00ff COUT=0 OFLOW=0 G=0 E=0 L=0 ERR=0
#   REF: RES=0xffff COUT=0 OFLOW=0 G=0 E=0 L=0 ERR=0
# [PASS]                                                                               OR,POPA 10101010,POPB 01010101
# [FAIL]                                                                              NOR,FOPA 10101010,FOPB 01010101
#   DUT: RES=0x0000 COUT=0 OFLOW=0 G=0 E=0 L=0 ERR=0
#   REF: RES=0xff00 COUT=0 OFLOW=0 G=0 E=0 L=0 ERR=0
# [PASS]                                                                              XOR,POPA 11111111,POPB 11111111
# [FAIL]                                                                             XNOR,FOPA 11111111,FOPB 11111111
#   DUT: RES=0x00ff COUT=0 OFLOW=0 G=0 E=0 L=0 ERR=0
#   REF: RES=0xffff COUT=0 OFLOW=0 G=0 E=0 L=0 ERR=0
# [FAIL]                                                                            NOT_A,FOPA 10101010,FOPB 10101010
#   DUT: RES=0x0055 COUT=0 OFLOW=0 G=0 E=0 L=0 ERR=0
#   REF: RES=0xff55 COUT=0 OFLOW=0 G=0 E=0 L=0 ERR=0
# [FAIL]                                                                            NOT_B,FOPA 10101010,FOPB 10101010
#   DUT: RES=0x0055 COUT=0 OFLOW=0 G=0 E=0 L=0 ERR=0
#   REF: RES=0xff55 COUT=0 OFLOW=0 G=0 E=0 L=0 ERR=0
# [PASS]                                                                           SHR1_A,POPA 10101010,POPB 00000000
# [PASS]                                                                           SHL1_A,POPA 01010101,POPB 00000000
# [PASS]                                                                           SHR1_B,POPA 00000000,POPB 10101010
# [PASS]                                                                           SHL1_B,POPA 00000000,POPB 01010101
# [PASS]                                                                          ROL_A_B,POPA 11001100,POPB 00000000
# [PASS]                                                                          ROL_A_B,POPA 11001100,POPB 00000001
# [PASS]                                                                          ROL_A_B,POPA 11001100,POPB 00000010
# [PASS]                                                                          ROL_A_B,POPA 11001100,POPB 00000011
# [PASS]                                                                          ROL_A_B,POPA 11001100,POPB 00000100
# [PASS]                                                                          ROL_A_B,POPA 11001100,POPB 00000101
# [PASS]                                                                          ROL_A_B,POPA 11001100,POPB 00000110
# [PASS]                                                                          ROL_A_B,POPA 11001100,POPB 00000111
# [FAIL]                                                                          ROL_A_B,FOPA 11001100,FOPB 00110111
#   DUT: RES=0x0000 COUT=0 OFLOW=0 G=0 E=0 L=0 ERR=1
#   REF: RES=0x0066 COUT=0 OFLOW=0 G=0 E=0 L=0 ERR=1
# [PASS]                                                                          ROR_A_B,POPA 11001100,POPB 00000000
# [PASS]                                                                          ROR_A_B,POPA 11001100,POPB 00000001
# [PASS]                                                                          ROR_A_B,POPA 11001100,POPB 00000010
# [PASS]                                                                          ROR_A_B,POPA 11001100,POPB 00000011
# [PASS]                                                                          ROR_A_B,POPA 11001100,POPB 00000100
# [PASS]                                                                          ROR_A_B,POPA 11001100,POPB 00000101
# [PASS]                                                                          ROR_A_B,POPA 11001100,POPB 00000110
# [PASS]                                                                          ROR_A_B,POPA 11001100,POPB 00000111
# [FAIL]                                                                          ROR_A_B,FOPA 11001100,FOPB 00110111
#   DUT: RES=0x0000 COUT=0 OFLOW=0 G=0 E=0 L=0 ERR=1
#   REF: RES=0x0099 COUT=0 OFLOW=0 G=0 E=0 L=0 ERR=1
# 
# === Testing Logical Operations (INVALID=b01) ===
# [FAIL]                                                                              AND,FOPA 10101010,FOPB 01010101
#   DUT: RES=0x0000 COUT=0 OFLOW=0 G=0 E=0 L=0 ERR=0
#   REF: RES=0x0000 COUT=0 OFLOW=0 G=0 E=0 L=0 ERR=1
# [FAIL]                                                                             NAND,FOPA 10101010,FOPB 01010101
#   DUT: RES=0x00ff COUT=0 OFLOW=0 G=0 E=0 L=0 ERR=0
#   REF: RES=0x0000 COUT=0 OFLOW=0 G=0 E=0 L=0 ERR=1
# [FAIL]                                                                               OR,FOPA 10101010,FOPB 01010101
#   DUT: RES=0x00aa COUT=0 OFLOW=0 G=0 E=0 L=0 ERR=0
#   REF: RES=0x0000 COUT=0 OFLOW=0 G=0 E=0 L=0 ERR=1
# [FAIL]                                                                              NOR,FOPA 10101010,FOPB 01010101
#   DUT: RES=0x0055 COUT=0 OFLOW=0 G=0 E=0 L=0 ERR=0
#   REF: RES=0x0000 COUT=0 OFLOW=0 G=0 E=0 L=0 ERR=1
# [FAIL]                                                                              XOR,FOPA 11111111,FOPB 11111111
#   DUT: RES=0x00ff COUT=0 OFLOW=0 G=0 E=0 L=0 ERR=0
#   REF: RES=0x0000 COUT=0 OFLOW=0 G=0 E=0 L=0 ERR=1
# [FAIL]                                                                             XNOR,FOPA 11111111,FOPB 11111111
#   DUT: RES=0x0000 COUT=0 OFLOW=0 G=0 E=0 L=0 ERR=0
#   REF: RES=0x0000 COUT=0 OFLOW=0 G=0 E=0 L=0 ERR=1
# [PASS]                                                                            NOT_A,POPA 10101010,POPB 10101010
# [FAIL]                                                                            NOT_B,FOPA 10101010,FOPB 10101010
#   DUT: RES=0x00ff COUT=0 OFLOW=0 G=0 E=0 L=0 ERR=0
#   REF: RES=0x0000 COUT=0 OFLOW=0 G=0 E=0 L=0 ERR=1
# [PASS]                                                                           SHR1_A,POPA 10101010,POPB 00000000
# [PASS]                                                                           SHL1_A,POPA 01010101,POPB 00000000
# [FAIL]                                                                           SHR1_B,FOPA 00000000,FOPB 10101010
#   DUT: RES=0x0000 COUT=0 OFLOW=0 G=0 E=0 L=0 ERR=0
#   REF: RES=0x0000 COUT=0 OFLOW=0 G=0 E=0 L=0 ERR=1
# [FAIL]                                                                           SHL1_B,FOPA 00000000,FOPB 01010101
#   DUT: RES=0x0000 COUT=0 OFLOW=0 G=0 E=0 L=0 ERR=0
#   REF: RES=0x0000 COUT=0 OFLOW=0 G=0 E=0 L=0 ERR=1
# [FAIL]                                                                          ROL_A_B,FOPA 11001100,FOPB 00000000
#   DUT: RES=0x00cc COUT=0 OFLOW=0 G=0 E=0 L=0 ERR=0
#   REF: RES=0x0000 COUT=0 OFLOW=0 G=0 E=0 L=0 ERR=1
# [FAIL]                                                                          ROL_A_B,FOPA 11001100,FOPB 00000001
#   DUT: RES=0x00cc COUT=0 OFLOW=0 G=0 E=0 L=0 ERR=0
#   REF: RES=0x0000 COUT=0 OFLOW=0 G=0 E=0 L=0 ERR=1
# [FAIL]                                                                          ROL_A_B,FOPA 11001100,FOPB 00000010
#   DUT: RES=0x00cc COUT=0 OFLOW=0 G=0 E=0 L=0 ERR=0
#   REF: RES=0x0000 COUT=0 OFLOW=0 G=0 E=0 L=0 ERR=1
# [FAIL]                                                                          ROL_A_B,FOPA 11001100,FOPB 00000011
#   DUT: RES=0x00cc COUT=0 OFLOW=0 G=0 E=0 L=0 ERR=0
#   REF: RES=0x0000 COUT=0 OFLOW=0 G=0 E=0 L=0 ERR=1
# [FAIL]                                                                          ROL_A_B,FOPA 11001100,FOPB 00000100
#   DUT: RES=0x00cc COUT=0 OFLOW=0 G=0 E=0 L=0 ERR=0
#   REF: RES=0x0000 COUT=0 OFLOW=0 G=0 E=0 L=0 ERR=1
# [FAIL]                                                                          ROL_A_B,FOPA 11001100,FOPB 00000101
#   DUT: RES=0x00cc COUT=0 OFLOW=0 G=0 E=0 L=0 ERR=0
#   REF: RES=0x0000 COUT=0 OFLOW=0 G=0 E=0 L=0 ERR=1
# [FAIL]                                                                          ROL_A_B,FOPA 11001100,FOPB 00000110
#   DUT: RES=0x00cc COUT=0 OFLOW=0 G=0 E=0 L=0 ERR=0
#   REF: RES=0x0000 COUT=0 OFLOW=0 G=0 E=0 L=0 ERR=1
# [FAIL]                                                                          ROL_A_B,FOPA 11001100,FOPB 00000111
#   DUT: RES=0x00cc COUT=0 OFLOW=0 G=0 E=0 L=0 ERR=0
#   REF: RES=0x0000 COUT=0 OFLOW=0 G=0 E=0 L=0 ERR=1
# [FAIL]                                                                          ROL_A_B,FOPA 11001100,FOPB 00110111
#   DUT: RES=0x00cc COUT=0 OFLOW=0 G=0 E=0 L=0 ERR=0
#   REF: RES=0x0000 COUT=0 OFLOW=0 G=0 E=0 L=0 ERR=1
# [FAIL]                                                                          ROR_A_B,FOPA 11001100,FOPB 00000000
#   DUT: RES=0x00cc COUT=0 OFLOW=0 G=0 E=0 L=0 ERR=0
#   REF: RES=0x0000 COUT=0 OFLOW=0 G=0 E=0 L=0 ERR=1
# [FAIL]                                                                          ROR_A_B,FOPA 11001100,FOPB 00000001
#   DUT: RES=0x00cc COUT=0 OFLOW=0 G=0 E=0 L=0 ERR=0
#   REF: RES=0x0000 COUT=0 OFLOW=0 G=0 E=0 L=0 ERR=1
# [FAIL]                                                                          ROR_A_B,FOPA 11001100,FOPB 00000010
#   DUT: RES=0x00cc COUT=0 OFLOW=0 G=0 E=0 L=0 ERR=0
#   REF: RES=0x0000 COUT=0 OFLOW=0 G=0 E=0 L=0 ERR=1
# [FAIL]                                                                          ROR_A_B,FOPA 11001100,FOPB 00000011
#   DUT: RES=0x00cc COUT=0 OFLOW=0 G=0 E=0 L=0 ERR=0
#   REF: RES=0x0000 COUT=0 OFLOW=0 G=0 E=0 L=0 ERR=1
# [FAIL]                                                                          ROR_A_B,FOPA 11001100,FOPB 00000100
#   DUT: RES=0x00cc COUT=0 OFLOW=0 G=0 E=0 L=0 ERR=0
#   REF: RES=0x0000 COUT=0 OFLOW=0 G=0 E=0 L=0 ERR=1
# [FAIL]                                                                          ROR_A_B,FOPA 11001100,FOPB 00000101
#   DUT: RES=0x00cc COUT=0 OFLOW=0 G=0 E=0 L=0 ERR=0
#   REF: RES=0x0000 COUT=0 OFLOW=0 G=0 E=0 L=0 ERR=1
# [FAIL]                                                                          ROR_A_B,FOPA 11001100,FOPB 00000110
#   DUT: RES=0x00cc COUT=0 OFLOW=0 G=0 E=0 L=0 ERR=0
#   REF: RES=0x0000 COUT=0 OFLOW=0 G=0 E=0 L=0 ERR=1
# [FAIL]                                                                          ROR_A_B,FOPA 11001100,FOPB 00000111
#   DUT: RES=0x00cc COUT=0 OFLOW=0 G=0 E=0 L=0 ERR=0
#   REF: RES=0x0000 COUT=0 OFLOW=0 G=0 E=0 L=0 ERR=1
# [FAIL]                                                                          ROR_A_B,FOPA 11001100,FOPB 00110111
#   DUT: RES=0x00cc COUT=0 OFLOW=0 G=0 E=0 L=0 ERR=0
#   REF: RES=0x0000 COUT=0 OFLOW=0 G=0 E=0 L=0 ERR=1
# 
# === Testing Logical Operations (INVALID=b10) ===
# [FAIL]                                                                              AND,FOPA 10101010,FOPB 01010101
#   DUT: RES=0x0000 COUT=0 OFLOW=0 G=0 E=0 L=0 ERR=0
#   REF: RES=0x0000 COUT=0 OFLOW=0 G=0 E=0 L=0 ERR=1
# [FAIL]                                                                             NAND,FOPA 10101010,FOPB 01010101
#   DUT: RES=0x00ff COUT=0 OFLOW=0 G=0 E=0 L=0 ERR=0
#   REF: RES=0x0000 COUT=0 OFLOW=0 G=0 E=0 L=0 ERR=1
# [FAIL]                                                                               OR,FOPA 10101010,FOPB 01010101
#   DUT: RES=0x0055 COUT=0 OFLOW=0 G=0 E=0 L=0 ERR=0
#   REF: RES=0x0000 COUT=0 OFLOW=0 G=0 E=0 L=0 ERR=1
# [FAIL]                                                                              NOR,FOPA 10101010,FOPB 01010101
#   DUT: RES=0x00aa COUT=0 OFLOW=0 G=0 E=0 L=0 ERR=0
#   REF: RES=0x0000 COUT=0 OFLOW=0 G=0 E=0 L=0 ERR=1
# [FAIL]                                                                              XOR,FOPA 11111111,FOPB 11111111
#   DUT: RES=0x00ff COUT=0 OFLOW=0 G=0 E=0 L=0 ERR=0
#   REF: RES=0x0000 COUT=0 OFLOW=0 G=0 E=0 L=0 ERR=1
# [FAIL]                                                                             XNOR,FOPA 11111111,FOPB 11111111
#   DUT: RES=0x0000 COUT=0 OFLOW=0 G=0 E=0 L=0 ERR=0
#   REF: RES=0x0000 COUT=0 OFLOW=0 G=0 E=0 L=0 ERR=1
# [FAIL]                                                                            NOT_A,FOPA 10101010,FOPB 10101010
#   DUT: RES=0x00ff COUT=0 OFLOW=0 G=0 E=0 L=0 ERR=0
#   REF: RES=0x0000 COUT=0 OFLOW=0 G=0 E=0 L=0 ERR=1
# [PASS]                                                                            NOT_B,POPA 10101010,POPB 10101010
# [FAIL]                                                                           SHR1_A,FOPA 10101010,FOPB 00000000
#   DUT: RES=0x0000 COUT=0 OFLOW=0 G=0 E=0 L=0 ERR=0
#   REF: RES=0x0000 COUT=0 OFLOW=0 G=0 E=0 L=0 ERR=1
# [FAIL]                                                                           SHL1_A,FOPA 01010101,FOPB 00000000
#   DUT: RES=0x0000 COUT=0 OFLOW=0 G=0 E=0 L=0 ERR=0
#   REF: RES=0x0000 COUT=0 OFLOW=0 G=0 E=0 L=0 ERR=1
# [PASS]                                                                           SHR1_B,POPA 00000000,POPB 10101010
# [PASS]                                                                           SHL1_B,POPA 00000000,POPB 01010101
# [FAIL]                                                                          ROL_A_B,FOPA 11001100,FOPB 00000000
#   DUT: RES=0x0000 COUT=0 OFLOW=0 G=0 E=0 L=0 ERR=0
#   REF: RES=0x0000 COUT=0 OFLOW=0 G=0 E=0 L=0 ERR=1
# [FAIL]                                                                          ROL_A_B,FOPA 11001100,FOPB 00000001
#   DUT: RES=0x0000 COUT=0 OFLOW=0 G=0 E=0 L=0 ERR=0
#   REF: RES=0x0000 COUT=0 OFLOW=0 G=0 E=0 L=0 ERR=1
# [FAIL]                                                                          ROL_A_B,FOPA 11001100,FOPB 00000010
#   DUT: RES=0x0000 COUT=0 OFLOW=0 G=0 E=0 L=0 ERR=0
#   REF: RES=0x0000 COUT=0 OFLOW=0 G=0 E=0 L=0 ERR=1
# [FAIL]                                                                          ROL_A_B,FOPA 11001100,FOPB 00000011
#   DUT: RES=0x0000 COUT=0 OFLOW=0 G=0 E=0 L=0 ERR=0
#   REF: RES=0x0000 COUT=0 OFLOW=0 G=0 E=0 L=0 ERR=1
# [FAIL]                                                                          ROL_A_B,FOPA 11001100,FOPB 00000100
#   DUT: RES=0x0000 COUT=0 OFLOW=0 G=0 E=0 L=0 ERR=0
#   REF: RES=0x0000 COUT=0 OFLOW=0 G=0 E=0 L=0 ERR=1
# [FAIL]                                                                          ROL_A_B,FOPA 11001100,FOPB 00000101
#   DUT: RES=0x0000 COUT=0 OFLOW=0 G=0 E=0 L=0 ERR=0
#   REF: RES=0x0000 COUT=0 OFLOW=0 G=0 E=0 L=0 ERR=1
# [FAIL]                                                                          ROL_A_B,FOPA 11001100,FOPB 00000110
#   DUT: RES=0x0000 COUT=0 OFLOW=0 G=0 E=0 L=0 ERR=0
#   REF: RES=0x0000 COUT=0 OFLOW=0 G=0 E=0 L=0 ERR=1
# [FAIL]                                                                          ROL_A_B,FOPA 11001100,FOPB 00000111
#   DUT: RES=0x0000 COUT=0 OFLOW=0 G=0 E=0 L=0 ERR=0
#   REF: RES=0x0000 COUT=0 OFLOW=0 G=0 E=0 L=0 ERR=1
# [PASS]                                                                          ROL_A_B,POPA 11001100,POPB 00110111
# [FAIL]                                                                          ROR_A_B,FOPA 11001100,FOPB 00000000
#   DUT: RES=0x0000 COUT=0 OFLOW=0 G=0 E=0 L=0 ERR=0
#   REF: RES=0x0000 COUT=0 OFLOW=0 G=0 E=0 L=0 ERR=1
# [FAIL]                                                                          ROR_A_B,FOPA 11001100,FOPB 00000001
#   DUT: RES=0x0000 COUT=0 OFLOW=0 G=0 E=0 L=0 ERR=0
#   REF: RES=0x0000 COUT=0 OFLOW=0 G=0 E=0 L=0 ERR=1
# [FAIL]                                                                          ROR_A_B,FOPA 11001100,FOPB 00000010
#   DUT: RES=0x0000 COUT=0 OFLOW=0 G=0 E=0 L=0 ERR=0
#   REF: RES=0x0000 COUT=0 OFLOW=0 G=0 E=0 L=0 ERR=1
# [FAIL]                                                                          ROR_A_B,FOPA 11001100,FOPB 00000011
#   DUT: RES=0x0000 COUT=0 OFLOW=0 G=0 E=0 L=0 ERR=0
#   REF: RES=0x0000 COUT=0 OFLOW=0 G=0 E=0 L=0 ERR=1
# [FAIL]                                                                          ROR_A_B,FOPA 11001100,FOPB 00000100
#   DUT: RES=0x0000 COUT=0 OFLOW=0 G=0 E=0 L=0 ERR=0
#   REF: RES=0x0000 COUT=0 OFLOW=0 G=0 E=0 L=0 ERR=1
# [FAIL]                                                                          ROR_A_B,FOPA 11001100,FOPB 00000101
#   DUT: RES=0x0000 COUT=0 OFLOW=0 G=0 E=0 L=0 ERR=0
#   REF: RES=0x0000 COUT=0 OFLOW=0 G=0 E=0 L=0 ERR=1
# [FAIL]                                                                          ROR_A_B,FOPA 11001100,FOPB 00000110
#   DUT: RES=0x0000 COUT=0 OFLOW=0 G=0 E=0 L=0 ERR=0
#   REF: RES=0x0000 COUT=0 OFLOW=0 G=0 E=0 L=0 ERR=1
# [FAIL]                                                                          ROR_A_B,FOPA 11001100,FOPB 00000111
#   DUT: RES=0x0000 COUT=0 OFLOW=0 G=0 E=0 L=0 ERR=0
#   REF: RES=0x0000 COUT=0 OFLOW=0 G=0 E=0 L=0 ERR=1
# [PASS]                                                                          ROR_A_B,POPA 11001100,POPB 00110111
# 
# === Testing Logical Operations (INVALID=b00) ===
# [FAIL]                                                                              AND,FOPA 10101010,FOPB 01010101
#   DUT: RES=0x0000 COUT=0 OFLOW=0 G=0 E=0 L=0 ERR=0
#   REF: RES=0x0000 COUT=0 OFLOW=0 G=0 E=0 L=0 ERR=1
# [FAIL]                                                                             NAND,FOPA 10101010,FOPB 01010101
#   DUT: RES=0x00ff COUT=0 OFLOW=0 G=0 E=0 L=0 ERR=0
#   REF: RES=0x0000 COUT=0 OFLOW=0 G=0 E=0 L=0 ERR=1
# [FAIL]                                                                               OR,FOPA 10101010,FOPB 01010101
#   DUT: RES=0x0000 COUT=0 OFLOW=0 G=0 E=0 L=0 ERR=0
#   REF: RES=0x0000 COUT=0 OFLOW=0 G=0 E=0 L=0 ERR=1
# [FAIL]                                                                              NOR,FOPA 10101010,FOPB 01010101
#   DUT: RES=0x00ff COUT=0 OFLOW=0 G=0 E=0 L=0 ERR=0
#   REF: RES=0x0000 COUT=0 OFLOW=0 G=0 E=0 L=0 ERR=1
# [FAIL]                                                                              XOR,FOPA 11111111,FOPB 11111111
#   DUT: RES=0x0000 COUT=0 OFLOW=0 G=0 E=0 L=0 ERR=0
#   REF: RES=0x0000 COUT=0 OFLOW=0 G=0 E=0 L=0 ERR=1
# [FAIL]                                                                             XNOR,FOPA 11111111,FOPB 11111111
#   DUT: RES=0x00ff COUT=0 OFLOW=0 G=0 E=0 L=0 ERR=0
#   REF: RES=0x0000 COUT=0 OFLOW=0 G=0 E=0 L=0 ERR=1
# [FAIL]                                                                            NOT_A,FOPA 10101010,FOPB 10101010
#   DUT: RES=0x00ff COUT=0 OFLOW=0 G=0 E=0 L=0 ERR=0
#   REF: RES=0x0000 COUT=0 OFLOW=0 G=0 E=0 L=0 ERR=1
# [FAIL]                                                                            NOT_B,FOPA 10101010,FOPB 10101010
#   DUT: RES=0x00ff COUT=0 OFLOW=0 G=0 E=0 L=0 ERR=0
#   REF: RES=0x0000 COUT=0 OFLOW=0 G=0 E=0 L=0 ERR=1
# [FAIL]                                                                           SHR1_A,FOPA 10101010,FOPB 00000000
#   DUT: RES=0x0000 COUT=0 OFLOW=0 G=0 E=0 L=0 ERR=0
#   REF: RES=0x0000 COUT=0 OFLOW=0 G=0 E=0 L=0 ERR=1
# [FAIL]                                                                           SHL1_A,FOPA 01010101,FOPB 00000000
#   DUT: RES=0x0000 COUT=0 OFLOW=0 G=0 E=0 L=0 ERR=0
#   REF: RES=0x0000 COUT=0 OFLOW=0 G=0 E=0 L=0 ERR=1
# [FAIL]                                                                           SHR1_B,FOPA 00000000,FOPB 10101010
#   DUT: RES=0x0000 COUT=0 OFLOW=0 G=0 E=0 L=0 ERR=0
#   REF: RES=0x0000 COUT=0 OFLOW=0 G=0 E=0 L=0 ERR=1
# [FAIL]                                                                           SHL1_B,FOPA 00000000,FOPB 01010101
#   DUT: RES=0x0000 COUT=0 OFLOW=0 G=0 E=0 L=0 ERR=0
#   REF: RES=0x0000 COUT=0 OFLOW=0 G=0 E=0 L=0 ERR=1
# [FAIL]                                                                          ROL_A_B,FOPA 11001100,FOPB 00000000
#   DUT: RES=0x0000 COUT=0 OFLOW=0 G=0 E=0 L=0 ERR=0
#   REF: RES=0x0000 COUT=0 OFLOW=0 G=0 E=0 L=0 ERR=1
# [FAIL]                                                                          ROL_A_B,FOPA 11001100,FOPB 00000001
#   DUT: RES=0x0000 COUT=0 OFLOW=0 G=0 E=0 L=0 ERR=0
#   REF: RES=0x0000 COUT=0 OFLOW=0 G=0 E=0 L=0 ERR=1
# [FAIL]                                                                          ROL_A_B,FOPA 11001100,FOPB 00000010
#   DUT: RES=0x0000 COUT=0 OFLOW=0 G=0 E=0 L=0 ERR=0
#   REF: RES=0x0000 COUT=0 OFLOW=0 G=0 E=0 L=0 ERR=1
# [FAIL]                                                                          ROL_A_B,FOPA 11001100,FOPB 00000011
#   DUT: RES=0x0000 COUT=0 OFLOW=0 G=0 E=0 L=0 ERR=0
#   REF: RES=0x0000 COUT=0 OFLOW=0 G=0 E=0 L=0 ERR=1
# [FAIL]                                                                          ROL_A_B,FOPA 11001100,FOPB 00000100
#   DUT: RES=0x0000 COUT=0 OFLOW=0 G=0 E=0 L=0 ERR=0
#   REF: RES=0x0000 COUT=0 OFLOW=0 G=0 E=0 L=0 ERR=1
# [FAIL]                                                                          ROL_A_B,FOPA 11001100,FOPB 00000101
#   DUT: RES=0x0000 COUT=0 OFLOW=0 G=0 E=0 L=0 ERR=0
#   REF: RES=0x0000 COUT=0 OFLOW=0 G=0 E=0 L=0 ERR=1
# [FAIL]                                                                          ROL_A_B,FOPA 11001100,FOPB 00000110
#   DUT: RES=0x0000 COUT=0 OFLOW=0 G=0 E=0 L=0 ERR=0
#   REF: RES=0x0000 COUT=0 OFLOW=0 G=0 E=0 L=0 ERR=1
# [FAIL]                                                                          ROL_A_B,FOPA 11001100,FOPB 00000111
#   DUT: RES=0x0000 COUT=0 OFLOW=0 G=0 E=0 L=0 ERR=0
#   REF: RES=0x0000 COUT=0 OFLOW=0 G=0 E=0 L=0 ERR=1
# [FAIL]                                                                          ROL_A_B,FOPA 11001100,FOPB 00110111
#   DUT: RES=0x0000 COUT=0 OFLOW=0 G=0 E=0 L=0 ERR=0
#   REF: RES=0x0000 COUT=0 OFLOW=0 G=0 E=0 L=0 ERR=1
# [FAIL]                                                                          ROR_A_B,FOPA 11001100,FOPB 00000000
#   DUT: RES=0x0000 COUT=0 OFLOW=0 G=0 E=0 L=0 ERR=0
#   REF: RES=0x0000 COUT=0 OFLOW=0 G=0 E=0 L=0 ERR=1
# [FAIL]                                                                          ROR_A_B,FOPA 11001100,FOPB 00000001
#   DUT: RES=0x0000 COUT=0 OFLOW=0 G=0 E=0 L=0 ERR=0
#   REF: RES=0x0000 COUT=0 OFLOW=0 G=0 E=0 L=0 ERR=1
# [FAIL]                                                                          ROR_A_B,FOPA 11001100,FOPB 00000010
#   DUT: RES=0x0000 COUT=0 OFLOW=0 G=0 E=0 L=0 ERR=0
#   REF: RES=0x0000 COUT=0 OFLOW=0 G=0 E=0 L=0 ERR=1
# [FAIL]                                                                          ROR_A_B,FOPA 11001100,FOPB 00000011
#   DUT: RES=0x0000 COUT=0 OFLOW=0 G=0 E=0 L=0 ERR=0
#   REF: RES=0x0000 COUT=0 OFLOW=0 G=0 E=0 L=0 ERR=1
# [FAIL]                                                                          ROR_A_B,FOPA 11001100,FOPB 00000100
#   DUT: RES=0x0000 COUT=0 OFLOW=0 G=0 E=0 L=0 ERR=0
#   REF: RES=0x0000 COUT=0 OFLOW=0 G=0 E=0 L=0 ERR=1
# [FAIL]                                                                          ROR_A_B,FOPA 11001100,FOPB 00000101
#   DUT: RES=0x0000 COUT=0 OFLOW=0 G=0 E=0 L=0 ERR=0
#   REF: RES=0x0000 COUT=0 OFLOW=0 G=0 E=0 L=0 ERR=1
# [FAIL]                                                                          ROR_A_B,FOPA 11001100,FOPB 00000110
#   DUT: RES=0x0000 COUT=0 OFLOW=0 G=0 E=0 L=0 ERR=0
#   REF: RES=0x0000 COUT=0 OFLOW=0 G=0 E=0 L=0 ERR=1
# [FAIL]                                                                          ROR_A_B,FOPA 11001100,FOPB 00000111
#   DUT: RES=0x0000 COUT=0 OFLOW=0 G=0 E=0 L=0 ERR=0
#   REF: RES=0x0000 COUT=0 OFLOW=0 G=0 E=0 L=0 ERR=1
# [FAIL]                                                                          ROR_A_B,FOPA 11001100,FOPB 00110111
#   DUT: RES=0x0000 COUT=0 OFLOW=0 G=0 E=0 L=0 ERR=0
#   REF: RES=0x0000 COUT=0 OFLOW=0 G=0 E=0 L=0 ERR=1
# 
# === Testing Logical Operations (INVALID=bxx) ===
# [FAIL]                                                                              AND,FOPA 10101010,FOPB 01010101
#   DUT: RES=0x0000 COUT=0 OFLOW=0 G=0 E=0 L=0 ERR=0
#   REF: RES=0x0000 COUT=0 OFLOW=0 G=0 E=0 L=0 ERR=1
# [FAIL]                                                                             NAND,FOPA 10101010,FOPB 01010101
#   DUT: RES=0x00ff COUT=0 OFLOW=0 G=0 E=0 L=0 ERR=0
#   REF: RES=0x0000 COUT=0 OFLOW=0 G=0 E=0 L=0 ERR=1
# [FAIL]                                                                               OR,FOPA 10101010,FOPB 01010101
#   DUT: RES=0x0000 COUT=0 OFLOW=0 G=0 E=0 L=0 ERR=0
#   REF: RES=0x0000 COUT=0 OFLOW=0 G=0 E=0 L=0 ERR=1
# [FAIL]                                                                              NOR,FOPA 10101010,FOPB 01010101
#   DUT: RES=0x00ff COUT=0 OFLOW=0 G=0 E=0 L=0 ERR=0
#   REF: RES=0x0000 COUT=0 OFLOW=0 G=0 E=0 L=0 ERR=1
# [FAIL]                                                                              XOR,FOPA 11111111,FOPB 11111111
#   DUT: RES=0x0000 COUT=0 OFLOW=0 G=0 E=0 L=0 ERR=0
#   REF: RES=0x0000 COUT=0 OFLOW=0 G=0 E=0 L=0 ERR=1
# [FAIL]                                                                             XNOR,FOPA 11111111,FOPB 11111111
#   DUT: RES=0x00ff COUT=0 OFLOW=0 G=0 E=0 L=0 ERR=0
#   REF: RES=0x0000 COUT=0 OFLOW=0 G=0 E=0 L=0 ERR=1
# [FAIL]                                                                            NOT_A,FOPA 10101010,FOPB 10101010
#   DUT: RES=0x00ff COUT=0 OFLOW=0 G=0 E=0 L=0 ERR=0
#   REF: RES=0x0000 COUT=0 OFLOW=0 G=0 E=0 L=0 ERR=1
# [FAIL]                                                                            NOT_B,FOPA 10101010,FOPB 10101010
#   DUT: RES=0x00ff COUT=0 OFLOW=0 G=0 E=0 L=0 ERR=0
#   REF: RES=0x0000 COUT=0 OFLOW=0 G=0 E=0 L=0 ERR=1
# [FAIL]                                                                           SHR1_A,FOPA 10101010,FOPB 00000000
#   DUT: RES=0x0000 COUT=0 OFLOW=0 G=0 E=0 L=0 ERR=0
#   REF: RES=0x0000 COUT=0 OFLOW=0 G=0 E=0 L=0 ERR=1
# [FAIL]                                                                           SHL1_A,FOPA 01010101,FOPB 00000000
#   DUT: RES=0x0000 COUT=0 OFLOW=0 G=0 E=0 L=0 ERR=0
#   REF: RES=0x0000 COUT=0 OFLOW=0 G=0 E=0 L=0 ERR=1
# [FAIL]                                                                           SHR1_B,FOPA 00000000,FOPB 10101010
#   DUT: RES=0x0000 COUT=0 OFLOW=0 G=0 E=0 L=0 ERR=0
#   REF: RES=0x0000 COUT=0 OFLOW=0 G=0 E=0 L=0 ERR=1
# [FAIL]                                                                           SHL1_B,FOPA 00000000,FOPB 01010101
#   DUT: RES=0x0000 COUT=0 OFLOW=0 G=0 E=0 L=0 ERR=0
#   REF: RES=0x0000 COUT=0 OFLOW=0 G=0 E=0 L=0 ERR=1
# [FAIL]                                                                          ROL_A_B,FOPA 11001100,FOPB 00000000
#   DUT: RES=0x0000 COUT=0 OFLOW=0 G=0 E=0 L=0 ERR=0
#   REF: RES=0x0000 COUT=0 OFLOW=0 G=0 E=0 L=0 ERR=1
# [FAIL]                                                                          ROL_A_B,FOPA 11001100,FOPB 00000001
#   DUT: RES=0x0000 COUT=0 OFLOW=0 G=0 E=0 L=0 ERR=0
#   REF: RES=0x0000 COUT=0 OFLOW=0 G=0 E=0 L=0 ERR=1
# [FAIL]                                                                          ROL_A_B,FOPA 11001100,FOPB 00000010
#   DUT: RES=0x0000 COUT=0 OFLOW=0 G=0 E=0 L=0 ERR=0
#   REF: RES=0x0000 COUT=0 OFLOW=0 G=0 E=0 L=0 ERR=1
# [FAIL]                                                                          ROL_A_B,FOPA 11001100,FOPB 00000011
#   DUT: RES=0x0000 COUT=0 OFLOW=0 G=0 E=0 L=0 ERR=0
#   REF: RES=0x0000 COUT=0 OFLOW=0 G=0 E=0 L=0 ERR=1
# [FAIL]                                                                          ROL_A_B,FOPA 11001100,FOPB 00000100
#   DUT: RES=0x0000 COUT=0 OFLOW=0 G=0 E=0 L=0 ERR=0
#   REF: RES=0x0000 COUT=0 OFLOW=0 G=0 E=0 L=0 ERR=1
# [FAIL]                                                                          ROL_A_B,FOPA 11001100,FOPB 00000101
#   DUT: RES=0x0000 COUT=0 OFLOW=0 G=0 E=0 L=0 ERR=0
#   REF: RES=0x0000 COUT=0 OFLOW=0 G=0 E=0 L=0 ERR=1
# [FAIL]                                                                          ROL_A_B,FOPA 11001100,FOPB 00000110
#   DUT: RES=0x0000 COUT=0 OFLOW=0 G=0 E=0 L=0 ERR=0
#   REF: RES=0x0000 COUT=0 OFLOW=0 G=0 E=0 L=0 ERR=1
# [FAIL]                                                                          ROL_A_B,FOPA 11001100,FOPB 00000111
#   DUT: RES=0x0000 COUT=0 OFLOW=0 G=0 E=0 L=0 ERR=0
#   REF: RES=0x0000 COUT=0 OFLOW=0 G=0 E=0 L=0 ERR=1
# [FAIL]                                                                          ROL_A_B,FOPA 11001100,FOPB 00110111
#   DUT: RES=0x0000 COUT=0 OFLOW=0 G=0 E=0 L=0 ERR=0
#   REF: RES=0x0000 COUT=0 OFLOW=0 G=0 E=0 L=0 ERR=1
# [FAIL]                                                                          ROR_A_B,FOPA 11001100,FOPB 00000000
#   DUT: RES=0x0000 COUT=0 OFLOW=0 G=0 E=0 L=0 ERR=0
#   REF: RES=0x0000 COUT=0 OFLOW=0 G=0 E=0 L=0 ERR=1
# [FAIL]                                                                          ROR_A_B,FOPA 11001100,FOPB 00000001
#   DUT: RES=0x0000 COUT=0 OFLOW=0 G=0 E=0 L=0 ERR=0
#   REF: RES=0x0000 COUT=0 OFLOW=0 G=0 E=0 L=0 ERR=1
# [FAIL]                                                                          ROR_A_B,FOPA 11001100,FOPB 00000010
#   DUT: RES=0x0000 COUT=0 OFLOW=0 G=0 E=0 L=0 ERR=0
#   REF: RES=0x0000 COUT=0 OFLOW=0 G=0 E=0 L=0 ERR=1
# [FAIL]                                                                          ROR_A_B,FOPA 11001100,FOPB 00000011
#   DUT: RES=0x0000 COUT=0 OFLOW=0 G=0 E=0 L=0 ERR=0
#   REF: RES=0x0000 COUT=0 OFLOW=0 G=0 E=0 L=0 ERR=1
# [FAIL]                                                                          ROR_A_B,FOPA 11001100,FOPB 00000100
#   DUT: RES=0x0000 COUT=0 OFLOW=0 G=0 E=0 L=0 ERR=0
#   REF: RES=0x0000 COUT=0 OFLOW=0 G=0 E=0 L=0 ERR=1
# [FAIL]                                                                          ROR_A_B,FOPA 11001100,FOPB 00000101
#   DUT: RES=0x0000 COUT=0 OFLOW=0 G=0 E=0 L=0 ERR=0
#   REF: RES=0x0000 COUT=0 OFLOW=0 G=0 E=0 L=0 ERR=1
# [FAIL]                                                                          ROR_A_B,FOPA 11001100,FOPB 00000110
#   DUT: RES=0x0000 COUT=0 OFLOW=0 G=0 E=0 L=0 ERR=0
#   REF: RES=0x0000 COUT=0 OFLOW=0 G=0 E=0 L=0 ERR=1
# [FAIL]                                                                          ROR_A_B,FOPA 11001100,FOPB 00000111
#   DUT: RES=0x0000 COUT=0 OFLOW=0 G=0 E=0 L=0 ERR=0
#   REF: RES=0x0000 COUT=0 OFLOW=0 G=0 E=0 L=0 ERR=1
# [FAIL]                                                                          ROR_A_B,FOPA 11001100,FOPB 00110111
#   DUT: RES=0x0000 COUT=0 OFLOW=0 G=0 E=0 L=0 ERR=0
#   REF: RES=0x0000 COUT=0 OFLOW=0 G=0 E=0 L=0 ERR=1
# 
# === TEST SUMMARY ===
# Total Tests: 495
# PASS: 104
# FAIL: 391
# 
# *** SOME TESTS FAILED ***
# 
# ** Note: $finish    : tb.v(209)
#    Time: 16636 ns  Iteration: 0  Instance: /alu_testbench
# Saving coverage database on exit...
# End time: 16:28:01 on May 11,2026, Elapsed time: 0:00:01
# Errors: 0, Warnings: 0
